customerGroupId,STYLECODE,PRODUCT_NAME,COMPOSITION,FABRIC,SIZE_RANGE,COLOURS_COUNT,SHORT_DESCRIPTION,BOX_QTY,PRICE,CATEGORY,CATEGORY_SORT,Product URL
3,1000,Parcel Tote,100% Cotton Canvas,320 GSM,,,Smaller Style,50,6.95,BAGS,41000,https://www.ascolour.com.au/parcel-tote-1000/
3,1001,Carrie Tote,100% Cotton Canvas,320 GSM,,,Large Style,50,7.95,BAGS,41000,https://www.ascolour.com.au/carrie-tote-1001/
3,1002,Shoulder Tote,100% Cotton Canvas,320 GSM,,,Wider Style,50,8.95,BAGS,41000,https://www.ascolour.com.au/shoulder-tote-1002/
3,1003,Duffel Bag,100% Recycled Polyester  PVC Coating,400 GSM,,,Cylinder Duffel - Large Volume,20,30.75,BAGS,41000,https://www.ascolour.com.au/duffel-bag-1003/
3,1004,Canvas Duffel Bag,100% Cotton Canvas,400 GSM,,,Cylinder Duffel - Large Volume,20,34.5,BAGS,41000,
3,1005,Gym Duffel Bag,100% Recycled Polyester,400 GSM,,,Cylinder Duffel - Mid Volume,20,26.95,BAGS,41000,
3,1007,Basic Tote,100% Cotton,200 GSM,,,Large Style,80,6.95,BAGS,41000,
3,1008,TwoTone Carrie Tote,100% Cotton Canvas,320 GSM,,,Large Style,50,12.75,BAGS,41000,
3,1009,Escape Travel Bag,100% Polyester,400 GSM,,,Rectangular Duffel - Large Volume,12,51.95,BAGS,41000,
3,1010,Recycled Camera Bag,100% Recycled Polyester,210 GSM,,,Tear-out pip label,100,10.75,BAGS,41000,
3,1011,Recycled Phone Bag,100% Recycled Polyester,210 GSM,,,Tear-out pip label,100,9.75,BAGS,41000,
3,1012,Carrie Denim Tote,100% Cotton,350 GSM,,,Large Style,50,12.75,BAGS,41000,
3,1013,Recycled Waist Bag,100% Recycled Polyester,210 GSM,,,Tear-out pip label,60,17.5,BAGS,41000,
3,1014,Waist Bag,100% Polyester  PU Coating,210 GSM,,,Small Style,60,11.25,BAGS,41000,
3,1018,Backpack,100% Recycled Polyester,210 GSM,,,Tear-out pip label,10,26.95,BAGS,41000,
3,1019,Recycled Pocket Waist Bag,100% Recycled Polyester,210 GSM,,,Tear-out pip label,40,20.5,BAGS,41000,
3,1021,Grocery Bag,100% Recycled Polyester Rip-Stop,80 GSM,,,Tear-out pip label,350,7.25,BAGS,41000,
3,1022,Recycled Toiletry Bag,100% Recycled Polyester,210 GSM,,,Tear-out pip label,52,13.95,BAGS,41000,
3,1024,Recycled Laptop Sleeve,100% Recycled Polyester,360 GSM,,,Tear-out pip label,18,20.5,BAGS,41000,
3,1025,Recycled Double Waist Bag,100% Recycled Polyester,360 GSM,,,Tear-out pip label,30,23.75,BAGS,41000,
3,1026,Recycled Transit Bag,100% Recycled Polyester,210 GSM,,,Tear-out pip label,45,15.95,BAGS,41000,
3,1027,Recycled Messenger Bag,100% Recycled Polyester,360 GSM,,,Tear-out pip label,10,39.5,BAGS,41000,
3,1028,Recycled Rucksack,100% Recycled Polyester,360 GSM,,,Tear-out pip label,10,37.5,BAGS,41000,
3,1029,Recycled Field Backpack,100% Recycled Polyester,360 GSM,,,Tear-out pip label,10,38.25,BAGS,41000,
3,1030,Recycled Travel Backpack,100% Recycled Polyester,360 GSM,,,Tear-out pip label,10,61.5,BAGS,41000,
3,1031,Recycled Strap Backpack,100% Recycled Polyester,360 GSM,,,Tear-out pip label,10,48.5,BAGS,41000,
3,1032,Recycled Fold Wallet,100% Recycled Polyester,350 GSM,,,Tear-out pip label,340,10.75,BAGS,41000,
3,1033,Recycled Zip Wallet,100% Recycled Polyester,350 GSM,,,Tear-out pip label,210,13.75,BAGS,41000,
3,1034,Recycled Long Wallet,100% Recycled Polyester,350 GSM,,,Tear-out pip label,140,16.25,BAGS,41000,
3,1035,Area Pattern Duffel Bag,100% Recycled Polyester  PVC Coating,350 GSM,,,Cylinder Duffel - Large Volume,10,36.95,BAGS,41000,
3,1036,Rain Duffel Bag,100% Recycled Polyester PU,350 GSM,,,Cylinder Duffel - Large Volume,10,46.5,BAGS,41000,
3,1037,Recycled Gear Bag,100% Recycled Polyester,210 GSM,,,Tear-out pip label,50,16.5,BAGS,41000,
3,1038,Recycled Light Duffel Bag,100% Recycled Polyester Rip-Stop,80 GSM,,,Tear-out pip label,30,20.25,BAGS,41000,
3,1040,Oversized Tote Bag,100% Cotton Canvas,320 GSM,,,Oversized,42,10.5,BAGS,41000,
3,1041,Pocket Tote Bag,100% Cotton Canvas,320 GSM,,,Large Style,42,13.95,BAGS,41000,
3,1080,Canvas Apron,100% Cotton Canvas,360 GSM,,,Heavy Weight - Duck Canvas,45,22.95,ACCESSORIES,60000,
3,1081,Canvas Half Apron,100% Cotton Canvas,355 GSM,,,Heavy Weight - Duck Canvas,48,20.95,ACCESSORIES,60000,
3,1082,Carrie Apron,100% Cotton Canvas,320 GSM,,,Heavy Weight - Cotton Canvas,60,18.95,ACCESSORIES,60000,
3,1083,Carrie Half Apron,100% Cotton Canvas,320 GSM,,,Heavy Weight - Cotton Canvas,75,14.95,ACCESSORIES,60000,
3,1084,Denim Apron,100% Cotton,350 GSM,,,Heavy Weight - 100% Cotton,42,23.95,ACCESSORIES,60000,
3,1085,Denim Half Apron,100% Cotton,350 GSM,,,Heavy Weight - Denim,60,18.95,ACCESSORIES,60000,
3,1086,Linen Apron,100% Linen,215 GSM,,,Mid Weight - 100% Linen,90,24.95,ACCESSORIES,60000,
3,1087,Linen Half Apron,100% Linen,215 GSM,,,Mid Weight - 100% Linen,90,18.95,ACCESSORIES,60000,
3,1100,Stock Cap,80% Acrylic  20% Wool ,,,,High Profile - Flat Peak,72,6.95,CAPS/HATS,30300,
3,1102,Stock Faded Trucker,100% Cotton Front & Peak  100% Recycled Polyester Mesh Back,,,,High Profile - Flat Peak,72,5.95,CAPS/HATS,30300,
3,1103,Finn Five Panel Cap,100% Cotton,,,,Low Profile - Flat Peak,72,6.75,CAPS/HATS,30300,
3,1104,Finn Nylon Cap,100% Recycled Nylon,,,,Low Profile - Flat Tonal Peak,72,6.95,CAPS/HATS,30300,
3,1105,Finn TwoTone Nylon Cap,100% Recycled Nylon,,,,Low Profile - Contrast Panels,72,6.95,CAPS/HATS,30300,
3,1106,Stock Flex Cap,97% Cotton  3% Spandex,,,,Flex Fit - Flat Peak,72,6.75,CAPS/HATS,30300,
3,1107,Cuff Beanie,100% Acrylic,,,,Relaxed Fit,100,6.95,BEANIES,30500,
3,1107F,Cuff Safety Beanie,100% Acrylic,,,,Mid Weight - Hi Vis,100,6.95,BEANIES,30500,
3,1108,Stock Trucker Cap,100% Cotton Front & Peak  100% Polyester Mesh Back,,,,High Profile - Flat Peak,72,6.75,CAPS/HATS,30300,
3,1110,Stock Contrast Trucker,100% Cotton Front & Peak  100% Polyester Mesh Back,,,,High Profile - Flat Peak,72,6.75,CAPS/HATS,30300,
3,1114,Surf Cap,100% Quick Dry Nylon,,,,Unstructured - Flat Peak,72,6.75,CAPS/HATS,30300,
3,1114F,Surf Safety Cap,100% Recycled Nylon,,,,Unstructured - Flat Peak,72,6.75,CAPS/HATS,30300,
3,1115,Knit Beanie,50% Wool  50% Acrylic,,,,Fitted Style,100,9.75,BEANIES,30500,
3,1117,Bucket Hat,100% Cotton,,,,100% Cotton,48,7.75,CAPS/HATS,30300,
3,1117C,Camo Bucket Hat,100% Cotton,,,,100% Cotton,48,7.95,CAPS/HATS,30300,
3,1119,Surf Cotton Cap,100% Cotton Twill,,,,Unstructured - Flat Peak,72,6.75,CAPS/HATS,30300,
3,1119C,Surf Cotton Camo Cap,55% Cotton  45% Polyester,,,,Unstructured - Flat Peak,72,6.95,CAPS/HATS,30300,
3,1120,Cable Beanie,100% Acrylic,,,,Fitted - Fisherman Style,100,7.5,BEANIES,30500,
3,1123,Surf Rope Cap,100% Nylon,,,,Unstructured - Flat Peak,72,6.75,CAPS/HATS,30300,
3,1124,Pom Pom Beanie,100% Recycled Acrylic,,,,Double Layer Knit - 100% Recycled,50,7.5,BEANIES,30500,
3,1125,Gauge Beanie,50% Recycled Wool  50% Recycled Acrylic,,,,Longer Body - 100% Recycled,70,9.75,BEANIES,30500,
3,1129,Surf Kids Cap,100% Nylon,,,,Unstructured - Flat Foam Peak,72,6.75,CAPS/HATS,30300,
3,1130,Access Cap,100% Cotton,,,,Low Profile - Curved Peak,72,6.75,CAPS/HATS,30300,
3,1131,Access Canvas Cap,100% Cotton Canvas,,,,Low Profile - Curved Peak,72,6.75,CAPS/HATS,30300,
3,1132,Access Five Panel Cap,100% Cotton,,,,Low Profile - Curved Peak,72,6.75,CAPS/HATS,30300,
3,1133,Access Active Cap,90% Nylon  10% Elastane,,,,Low Profile - Curved Peak,72,8.25,CAPS/HATS,30300,
3,1134,Access Faded Cap,100% Cotton,,,,Low Profile - Curved Peak,72,7.25,CAPS/HATS,30300,
3,1135,Access Cord Cap,100% Cotton,,,,Low Profile - Curved Peak,72,6.95,CAPS/HATS,30300,
3,1138,Wo's Access Cap,100% Cotton,,,,Low Profile - Curved Peak,72,6.75,CAPS/HATS,30300,
3,1140,Icon Cap,100% Cotton,,,,Mid Profile - Curved Peak,72,6.75,CAPS/HATS,30300,
3,1141,Icon Trucker Cap,100% Cotton Front & Peak  100% Recycled Polyester Mesh Back,,,,Mid Profile - Curved Peak,72,6.75,CAPS/HATS,30300,
3,1142,Icon Nylon Cap,100% Quick Dry Recycled Nylon,,,,Mid Profile - Curved Peak,72,6.75,CAPS/HATS,30300,
3,1143,Icon Flex Cap,97% Cotton  3% Spandex,,,,Flex Fit - Curved Peak,72,6.75,CAPS/HATS,30300,
3,1149,Icon Kids Cap,100% Cotton,,,,Mid Profile - Curved Peak,72,6.75,CAPS/HATS,30300,
3,1150,Class Cap,100% Cotton,,,,Mid Profile - Flat Peak,72,6.95,CAPS/HATS,30300,
3,1151,Class Wool Cap,50% Wool  50% Recycled Polyester,,,,Mid Profile - Flat Peak,72,7.25,CAPS/HATS,30300,
3,1152,Class Cord Cap,100% Cotton,,,,Mid Profile - Flat Peak,72,7.25,CAPS/HATS,30300,
3,1153,Class Five Panel Cap,100% Cotton,,,,Mid Profile - Flat Peak,72,6.75,CAPS/HATS,30300,
3,1154,Class TwoTone Cap,100% Cotton,,,,Mid Profile - Flat Contrast Peak,72,6.95,CAPS/HATS,30300,
3,1155,Class Performance Cap,100% Recycled Polyester,,,,Mid Profile - Flat Peak,72,6.95,CAPS/HATS,30300,
3,1156,Class Canvas Cap,100% Cotton Canvas,,,,Unstructured - Flat Peak,72,6.95,CAPS/HATS,30300,
3,1157,Class Cord Trucker Cap,100% Cotton Front & Peak  100% Recycled Polyester Mesh Back,,,,Mid Profile - Flat Peak,72,6.95,CAPS/HATS,30300,
3,1158,Class Linen Cap,100% Linen,,,,Mid Profile - Flat Peak,72,7.5,CAPS/HATS,30300,
3,1159,Class Cord TwoTone Cap,100% cotton 16-wale partridge cord,200 GSM,,,Mid Profile - Flat Peak,72,7.25,CAPS/HATS,30300,
3,1160,Frame Cap,100% Cotton,,,,High Profile - Curved Peak,72,6.75,CAPS/HATS,30300,
3,1161,Frame Foam Trucker Cap,100% Recycled Polyester,,,,High Profile - Curved Peak,72,6.5,CAPS/HATS,30300,
3,1162,Frame Nylon Cap,100% Recycled Nylon,,,,High Profile - Curved Peak,72,6.75,CAPS/HATS,30300,
3,1163,Frame Foam TwoTone Trucker,100% Polyester Foam Front & Peak  100% Recycled Polyester Mesh Back,,,,High Profile - Curved Peak,72,6.5,CAPS/HATS,30300,
3,1164,Frame Soft Cap,100% Cotton Twill,,,,High Profile - Curved Peak,72,6.5,CAPS/HATS,30300,
3,1164C,Frame Soft Camo Cap,55% Cotton  45% Polyester,,,,High Profile - Curved Peak,72,6.75,CAPS/HATS,30300,
3,1165,Frame TwoTone Cap,100% Cotton,,,,High Profile - Curved Peak,72,6.75,CAPS/HATS,30300,
3,1170,Kids Bucket Hat,100% Cotton,,,,100% Cotton,48,7.75,CAPS/HATS,30300,
3,1171,Nylon Bucket Hat,100% Recycled Nylon,,,,100% Recycled Nylon,48,8.25,CAPS/HATS,30300,
3,1172,Wide Brim Bucket Hat,100% Cotton,,,,100% cotton,48,8.25,CAPS/HATS,30300,
3,1173,Stock Canvas Cap,100% Cotton Canvas,,,,High Profile - Flat Peak,72,6.75,CAPS/HATS,30300,
3,1174,Nylon Wide Brim Bucket Hat,100% Quick Dry Recycled Nylon,,,,100% Recycled Nylon,48,8.5,CAPS/HATS,30300,
3,1175,Terry Bucket Hat,100% Cotton Terry,,,,100% Cotton Terry,48,7.75,CAPS/HATS,30300,
3,1176,Cord Bucket Hat,100% Cotton,,,,100% Cotton,48,8.25,CAPS/HATS,30300,
3,1178,Wo's Bucket Hat,100% Cotton,,,,100% Cotton,48,7.75,CAPS/HATS,30300,
3,1179,Wo's Brim Bucket Hat,100% Cotton,,,,100% Cotton,48,7.75,CAPS/HATS,30300,
3,1180,Active Finn Cap,100% Recycled Nylon Body  100% Recycled Polyester Mesh,,,,Low Profile - Flat Peak,72,6.95,CAPS/HATS,30300,
3,1181,Faded Bucket Hat,100% Cotton Twill,,,,100% Cotton,48,7.75,CAPS/HATS,30300,
3,1183,Stock Camo Cap,100% Cotton,,,,High Profile - Flat Peak,72,7.25,CAPS/HATS,30300,
3,1184,Stock 7Panel Cap,100% Cotton,,,,High Profile - Flat Peak,72,6.95,CAPS/HATS,30300,
3,1185,Class Cord Rope Cap,100% Cotton,,,,Mid Profile - Flat Peak,72,7.75,CAPS/HATS,30300,
3,1190,Mesh Trucker Cap,Main: 60% Cotton  40% Polyester. Mesh: 100% Recycled Polyester,,,,High Profile - Curved Peak,72,6.5,CAPS/HATS,30300,
3,1191,Mesh Contrast Trucker Cap,Main: 60% Cotton  40% Polyester. Mesh: 100% Recycled Polyester,,,,High Profile - Curved Peak,72,6.5,CAPS/HATS,30300,
3,1201,Boxer Briefs,95% Cotton  5% Elastane  Elastic Waistband,190 GSM,,,Form Fitting,80,8.5,UNDERWEAR,42600,
3,1202,Boxer Shorts,100% Woven Cotton Body  Elastic Waistband,130 GSM,,,Relaxed Fit,80,12.5,UNDERWEAR,42600,
3,1203,Wo's Rib Socks (2 Pairs),80% Mercerized Cotton  18% Polyester  2% Spandex,,,,Regular Length,70,9.95,SOCKS,42500,
3,1204,Ankle Socks (2 Pairs),90% Cotton  7% Nylon  3% Elastane,,,,Ankle Length,84,6.5,SOCKS,42500,
3,1205,Marle Socks (2 Pairs),82% Cotton  15% Nylon  3% Elastane,,,,Regular Length,80,6.95,SOCKS,42500,
3,1206,Invisible Socks (2 Pairs),75% Cotton  22% Polyester  3% Spandex,,,,Very Low-Cut,128,5.25,SOCKS,42500,
3,1208,Relax Socks (2 Pairs),90% Cotton  7% Nylon  3% Elastane,,,,Regular Length,70,8.95,SOCKS,42500,
3,1209,Speckle Socks (2 Pairs),37% Wool  36% Nylon  9% Cotton  2% Elastane  16% Acrylic,,,,Regular Length,70,11.5,SOCKS,42500,
3,1210,Relax Stripe Socks (2 Pairs),90% Cotton  7% Nylon  3% Elastane,,,,Regular Length,70,9.25,SOCKS,42500,
3,1211,Trunks,95% Cotton  5% Elastane  Elastic Waistband,190 GSM,,,Form Fitting,80,8.5,UNDERWEAR,42600,
3,1212,Briefs,95% Cotton  5% Elastane,190 GSM,,,Form Fitting,120,5.25,UNDERWEAR,42600,
3,1213,Business Socks (2 Pairs),80% Cotton  17% Nylon  3% Elastane,,,,Regular Length,80,9.95,SOCKS,42500,
3,1214,Knit Socks (2 Pairs),40% Merino  41% Nylon  16% Acrylic  3% Elastane,,,,Regular Length,70,16.75,SOCKS,42500,
3,1215,Boxer Check Shorts,100% Woven Cotton Body  Elastic Waistband,120 GSM,,,Regular-Relaxed Fit,80,12.5,UNDERWEAR,42600,
3,1216,Boxer Fine Stripe Shorts,100% Woven Cotton Body  Elastic Waistband,130 GSM,,,Regular-Relaxed Fit,80,12.5,UNDERWEAR,42600,
3,1217,Slub Socks (2 Pairs),92.7% Cotton  6.3% Nylon  1% Elastane,,,,Regular Length,70,11.25,SOCKS,42500,
3,1218,Logo Briefs,95% cotton 5% elastane  elastic waistband,190 GSM,,,Form Fitting,80,8.5,UNDERWEAR,42600,
3,1403,Mesh Belt,100% Plaited Cord,,,,Plaited Elastic,100,13.95,BELTS,42700,
3,1404,Leather Belt,100% Leather,,,,Genuine Leather,44,19.75,BELTS,42700,
3,1405,Braided Leather Belt,100% Braided Leather,,,,Genuine Leather,44,31.75,BELTS,42700,
3,1406,Cotton Webbing Belt,100% Cotton Webbing  Leather Trim,,,,100% Cotton,100,18.5,BELTS,42700,
3,1500,ASC Coffee Cup,Ceramic Coffee Cup  325ml,,,,AS Colour Branded,48,6.25,GADGETS,50000,
3,1501,ASC Drink Bottle,BPA-Free Tritan Drink Bottle  1000ml,,,,AS Colour Branded,24,10.75,GADGETS,50000,
3,1502,ASC Notebook,Debossed PU Cover,,,,AS Colour Branded,140,5.25,GADGETS,50000,
3,1503,ASC Pen,Matte Black  Easy-Grip Body  Ballpoint Tip  Blue Ink,,,,AS Colour Branded,1200,1.82,GADGETS,50000,
3,1504,ASC Keychain,Recycled Polyester Canvas Webbing,,,,AS Colour Branded,840,5.25,GADGETS,50000,
3,1505,ASC Mini BBall Set,Shatter-Proof Polycarbonate  Wide Spring Action Breakaway Steel Rim,,,,AS Colour Branded,4,42.95,GADGETS,50000,
3,1506,ASC Pet Bowl,100% Melamine,,,,AS Colour Branded,30,10.75,GADGETS,50000,
3,1507,ASC Utility Stool,100% Polypropylene,,,,AS Colour Branded,7,16.5,GADGETS,50000,
3,1508,ASC Builders Pencil 10 Pack,Medium Lead,,,,AS Colour Branded,120,2.95,GADGETS,50000,
3,1509,ASC Utility Knife,Aluminium Alloy & Stainless Steel Body  Blade & Belt Clip,,,,AS Colour Branded,100,13.5,GADGETS,50000,
3,1510,ASC Tape Measure,Heavy Duty Construction  Nylon Carry Strap  Custom Black Tape,,,,AS Colour Branded,72,7.5,GADGETS,50000,
3,1511,Tea Towel,100% cotton twill tea towel,200 GSM,,,Perfect for Re-branding,250,4.75,ACCESSORIES,60000,
3,1512,Canvas Flag,100% Cotton Canvas,320 GSM,,,Perfect for Re-branding,150,5.95,ACCESSORIES,60000,
3,1513,Canvas Pennant Flag,100% Cotton Canvas,320 GSM,,,Perfect for Re-branding,150,5.25,ACCESSORIES,60000,
3,1514,ASC Squeegee,Wooden Handle  Stainless Steel Rivets  Black Replaceable Rubber Squeegee,,,,Replaceable Rubber Squeegee,26,27.95,GADGETS,50000,
3,1515,ASC Palette Knife,Wooden Handle  Stainless Steel Blade & Rivets,,,,Stainless Steel Blade,290,7.25,GADGETS,50000,
3,1516,Logo Sticker,Clear Gloss Vinyl,,,,Logo Sticker,1000,1.82,ACCESSORIES,60000,
3,1517,Script Sticker,Clear Gloss Vinyl,,,,Logo Sticker,1000,1.82,ACCESSORIES,60000,
3,1518,AS Sticker,Clear Gloss Vinyl,,,,Logo Sticker,1000,1.82,ACCESSORIES,60000,
3,1519,Canvas Large Flag,100% Cotton Canvas,320 GSM,,,Perfect for Re-branding,80,7.95,ACCESSORIES,60000,
3,1521,ASC Mini Baseball Set,Shatter Proof Polycarbonate  Steel Rim  100% PVC Ball,,,,AS Colour Branded,20,22.5,ACCESSORIES,60000,
3,1522,ASC Corkscrew,Stainless Steel,,,,AS Colour Branded,150,9.95,ACCESSORIES,60000,
3,1523,ASC Lanyard,100% Recycled Polyester Webbing,,,,AS Colour Branded,1200,3.25,ACCESSORIES,60000,
3,3001,Organic Infant Wee Tee,100% Organic Cotton Rib,200 GSM,,,Regular Fit - 200 GSM,144,7.75,KIDS T-SHIRTS,20000,
3,3003,Organic Infant MiniMe OnePiece,100% Organic Cotton Rib,200 GSM,,,Regular Fit - 200 GSM,144,8.5,KIDS T-SHIRTS,20000,
3,3005,Kids Staple Tee,100% Combed Cotton (Marles 15% Viscose),180 GSM,,,Regular Fit - 180 GSM,108,5.95,KIDS T-SHIRTS,20000,
3,3006,Youth Staple Tee,100% Combed Cotton (Marles 15% Viscose),180 GSM,,,Regular Fit - 180 GSM,108,6.75,KIDS T-SHIRTS,20000,
3,3007,Kids Staple L/S Tee,100% Combed Cotton (Marles 15% Viscose),180 GSM,,,Regular Fit - 180 GSM,72,7.25,KIDS LONGSLEEVES,21000,
3,3008,Youth Staple L/S Tee,100% Combed Cotton (Marles 15% Viscose),180 GSM,,,Regular Fit - 180 GSM,72,7.75,KIDS LONGSLEEVES,21000,
3,3009,Kids Barnard Tank,100% Combed Cotton (Marles 15% Viscose),150 GSM,,,Regular Fit - 150 GSM,108,5.75,KIDS T-SHIRTS,20000,
3,3010,Youth Barnard Tank,100% Combed Cotton (Marles 15% Viscose),150 GSM,,,Regular Fit - 150 GSM,108,6.25,KIDS T-SHIRTS,20000,
3,3023,Kids Supply Track Pants,80% Cotton  20% Polyester Anti-Pill Fleece,290 GSM,,,Regular Fit - 290 GSM,30,13.75,KIDS PANTS/SHORTS,21000,
3,3024,Youth Supply Track Pants,80% Cotton  20% Polyester Anti-Pill Fleece,290 GSM,,,Slim Fit - 290 GSM,30,14.75,KIDS PANTS/SHORTS,21000,
3,3025,Kids Stadium Shorts,100% Cotton,320 GSM,,,Regular Fit - 320 GSM,72,11.25,KIDS PANTS/SHORTS,21000,
3,3026,Youth Stadium Shorts,100% Cotton,320 GSM,,,Regular Fit - 320 GSM,42,13.25,KIDS PANTS/SHORTS,21000,
3,3030,Kids Supply Crew,80% Cotton  20% Polyester Anti-Pill Fleece,290 GSM,,,Regular Fit - 290 GSM,36,11.75,KIDS SWEATSHIRTS,22000,
3,3031,Youth Supply Crew,80% Cotton  20% Polyester Anti-Pill Fleece,290 GSM,,,Regular Fit - 290 GSM,24,12.75,KIDS SWEATSHIRTS,22000,
3,3032,Kids Supply Hood,80% Cotton  20% Polyester Anti-Pill Fleece,290 GSM,,,Regular Fit - 290 GSM,24,14.75,KIDS SWEATSHIRTS,22000,
3,3033,Youth Supply Hood,80% Cotton  20% Polyester Anti-Pill Fleece,290 GSM,,,Regular Fit - 290 GSM,24,15.75,KIDS SWEATSHIRTS,22000,
3,3034,Kids Relax Crew,80% Cotton  20% Polyester Anti-Pill Fleece,320 GSM,,,Relaxed Fit - 320 GSM,36,15.75,KIDS SWEATSHIRTS,22000,
3,3035,Youth Relax Crew,80% Cotton  20% Polyester Anti-Pill Fleece,320 GSM,,,Relaxed Fit - 320 GSM,24,19.25,KIDS SWEATSHIRTS,22000,
3,3036,Kids Relax Hood,80% Cotton  20% Polyester Anti-Pill Fleece,320 GSM,,,Relaxed Fit - 320 GSM,24,19.95,KIDS SWEATSHIRTS,22000,
3,3037,Youth Relax Hood,80% Cotton  20% Polyester Anti-Pill Fleece,320 GSM,,,Relaxed Fit - 320 GSM,18,22.95,KIDS SWEATSHIRTS,22000,
3,3038,Kids Relax Zip Hood,80% Cotton  20% Recycled Polyester,320 GSM,,,Relaxed Fit - 320 GSM,24,21.95,KIDS SWEATSHIRTS,22000,
3,3039,Youth Relax Zip Hood,80% Cotton  20% Recycled Polyester,320 GSM,,,Relaxed Fit - 320 GSM,18,24.95,KIDS SWEATSHIRTS,22000,
3,3040,Kids Relax Track Pants,80% Cotton  20% Recycled Polyester,320 GSM,,,Relaxed Fit - 320 GSM,30,15.75,KIDS PANTS/SHORTS,21000,
3,3041,Youth Relax Track Pants,80% Cotton  20% Recycled Polyester,320 GSM,,,Relaxed Fit - 320 GSM,24,18.75,KIDS PANTS/SHORTS,21000,
3,3042,Kids Relax Track Shorts,80% Cotton  20% Recycled Polyester,320 GSM,,,Relaxed Fit - 320 GSM,42,14.5,KIDS PANTS/SHORTS,21000,
3,3043,Youth Relax Track Shorts,80% Cotton  20% Recycled Polyester,320 GSM,,,Relaxed Fit - 320 GSM,42,16.5,KIDS PANTS/SHORTS,21000,
3,3060,Kids Classic Tee,100% Combed Cotton (Marles 15% Viscose),220 GSM,,,Regular Fit - 220 GSM,96,6.75,KIDS T-SHIRTS,20000,
3,3061,Youth Classic Tee,100% Combed Cotton (Marles 15% Viscose),220 GSM,,,Regular Fit - 220 GSM,72,8.75,KIDS T-SHIRTS,20000,
3,3062,Kids Classic L/S Tee,100% Combed Cotton (Marles 15% Viscose),220 GSM,,,Regular Fit - 220 GSM,66,7.75,KIDS LONGSLEEVES,21000,
3,3063,Youth Classic L/S Tee,100% Combed Cotton (Marles 15% Viscose),220 GSM,,,Regular Fit - 220 GSM,54,9.75,KIDS LONGSLEEVES,21000,
3,3070,Kids Heavy Faded Tee,100% Carded Cotton,240 GSM,,,Relaxed Fit - 240 GSM,108,8.75,KIDS T-SHIRTS,20000,
3,3071,Youth Heavy Faded Tee,100% Carded Cotton,240 GSM,,,Relaxed Fit - 240 GSM,90,10.75,KIDS T-SHIRTS,20000,
3,4001,Wo's Maple Tee,100% Combed Cotton (Marles 15% Viscose),180 GSM,,,Regular Fit - 180 GSM,96,7.95,WOMEN'S T-SHIRTS,7000,
3,4001A,Wo's Maple Active Tee,100% Recycled Polyester,150 GSM,,,Regular Fit - 180 GSM,96,12.95,WOMEN'S T-SHIRTS,7000,
3,4001G,Wo's Maple Organic Tee,100% Organic Combed Cotton,180 GSM,,,Regular Fit - 180 GSM,96,8.25,WOMEN'S T-SHIRTS,7000,
3,4001M,Wo's Maple Marle Tee,80% Combed Cotton  20% Polyester,180 GSM,,,Regular Fit - 180 GSM,96,7.95,WOMEN'S T-SHIRTS,7000,
3,4006,Wo's Martina Tee,100% Combed Cotton,180 GSM,,,Relaxed Fit - 180 GSM,72,7.75,WOMEN'S T-SHIRTS,7000,
3,4007,Wo's Dash Racerback Tank,50% Cotton  50% Modal,140 GSM,,,Racerback - Light Weight,96,7.25,WOMEN'S SINGLETS / TANKS,7500,
3,4008,Wo's Mali Tee,100% Combed Cotton (Marles 15% Viscose),150 GSM,,,Regular Fit - 150 GSM,96,7.5,WOMEN'S T-SHIRTS,7000,
3,4009,Wo's Mali L/S Tee,100% Combed Cotton (Marles 15% Viscose),150 GSM,,,Scoop Neck - 150 GSM,72,9.5,WOMEN'S LONGSLEEVES,8000,
3,4011,Wo's Shallow Scoop Tee,100% Combed Cotton (Marles 15% Viscose),150 GSM,,,Regular Fit - 150 GSM,96,7.25,WOMEN'S T-SHIRTS,7000,
3,4013,Wo's Mali Racerback,100% Combed Cotton (Marles 15% Viscose),150 GSM,,,Scoop Neck - 150 GSM,96,7.5,WOMEN'S SINGLETS / TANKS,7500,
3,4014,Wo's Saturday Dress,100% Combed Cotton (Marles 15% Viscose),180 GSM,,,Relaxed Fit - Scoop Neck,66,9.25,WOMEN'S DRESSES,8500,
3,4017,Wo's Maple Tank,100% Combed Cotton (Marles 15% Viscose),180 GSM,,,Regular Fit - 180 GSM,96,8.5,WOMEN'S SINGLETS / TANKS,7500,
3,4019,Wo's Maple Scoop Tee,100% Combed Cotton (Marles 15% Viscose),180 GSM,,,Regular Fit - 180 GSM,84,7.95,WOMEN'S T-SHIRTS,7000,
3,4020,Wo's Maple L/S Tee,100% Combed Cotton (Marles 15% Viscose),180 GSM,,,Regular Fit - 180 GSM,72,10.25,WOMEN'S LONGSLEEVES,8000,
3,4020A,Wo's Maple Active L/S Tee,100% Recycled Polyester,150 GSM,,,Regular Fit - 180 GSM,72,14.75,WOMEN'S LONGSLEEVES,8000,
3,4021,Wo's Maple Curve L/S Tee,100% Combed Cotton (Marles 15% Viscose),180 GSM,,,Regular Fit - 180 GSM,72,10.5,WOMEN'S LONGSLEEVES,8000,
3,4023,Wo's Maple V Neck Tee,100% Combed Cotton (Marles 15% Viscose),180 GSM,,,Regular Fit - 180 GSM,84,9.25,WOMEN'S T-SHIRTS,7000,
3,4024,Wo's Maple Curve Tee,100% Combed Cotton (Marles 15% Viscose),180 GSM,,,Regular Fit - 180 GSM,84,7.95,WOMEN'S T-SHIRTS,7000,
3,4025,Wo's Maple Minus Tee [8cm],100% Combed Cotton (Marles 15% Viscose),180 GSM,,,8cm Shorter - 180 GSM,84,7.95,WOMEN'S T-SHIRTS,7000,
3,4026,Wo's Classic Tee,100% Combed Cotton,220 GSM,,,Regular Fit - 220 GSM,66,10.5,WOMEN'S T-SHIRTS,7000,
3,4027,Wo's Fine Stripe L/S Tee,100% Cotton,130 GSM,,,Crew Neck - Light Weight,66,11.25,WOMEN'S T-SHIRTS,7000,
3,4030,Wo's Box Tee,100% Carded Cotton,240 GSM,,,Landing February,66,11.75,WOMEN'S T-SHIRTS,7000,
3,4033,Wo's Mika Organic L/S Dress,100% Organic Combed Cotton (Marles 15% Viscose),150 GSM,,,Scoop Neck - Light Weight,60,10.25,WOMEN'S DRESSES,8500,
3,4034,Wo's Faded Organic Rib Tank,95% Organic Cotton  5% Elastane,220 GSM,,,Regular Fit - 330 GSM,90,15.75,WOMEN'S SINGLETS / TANKS,7500,
3,4035,Wo's Faded Organic Rib Crop Tank,95% Organic Cotton  5% Elastane,220 GSM,,,Regular Fit - 330 GSM,102,13.75,WOMEN'S SINGLETS / TANKS,7500,
3,4036,Wo's Faded Organic Rib Tee,95% Organic Cotton  5% Elastane,220 GSM,,,Slim Fit - 330 GSM,54,18.25,WOMEN'S T-SHIRTS,7000,
3,4037,Wo's Maple Stripe Tee,100% Combed Cotton,150 GSM,,,Regular Fit - 150 GSM,96,8.95,WOMEN'S T-SHIRTS,7000,
3,4040,Wo's Tulip Singlet,100% Combed Cotton (Marles 15% Viscose),150 GSM,,,Regular Fit - Scoop Neck,96,6.95,WOMEN'S SINGLETS / TANKS,7500,
3,4045,Wo's Yes Racerback Singlet,100% Combed Cotton (Marles 15% Viscose),120 GSM,,,Regular Fit - 120 GSM,96,6.95,WOMEN'S SINGLETS / TANKS,7500,
3,4051,Wo's Basic Tee,100% Cotton (Marles 15% Polyester),160 GSM,,,Regular Fit - 160 GSM,96,6.25,WOMEN'S T-SHIRTS,7000,
3,4053,Wo's Maple Ringer Tee,100% Combed Cotton,180 GSM,,,Regular Fit - 180 GSM,96,8.5,WOMEN'S T-SHIRTS,7000,
3,4056,Wo's Dice L/S Tee,100% Carded Cotton (Marles 15% Viscose),200 GSM,,,Regular Fit - 200 GSM,54,9.5,WOMEN'S LONGSLEEVES,8000,
3,4061,Wo's Bowery Stripe L/S Tee,100% Combed Cotton,160 GSM,,,Regular Fit - Boat Neck,66,10.5,WOMEN'S LONGSLEEVES,8000,
3,4062,Wo's Crop Tee,100% Combed Cotton (Heathers 15% Viscose),180 GSM,,,Relaxed Fit - 180 GSM,108,7.25,WOMEN'S T-SHIRTS,7000,
3,4062F,Wo's Faded Crop Tee,100% Combed Cotton,180 GSM,,,Relaxed Fit - 180 GSM,108,10.25,WOMEN'S T-SHIRTS,7000,
3,4063G,Wo's Organic Rib Tank,95% Organic Cotton  5% Elastane,330 GSM,,,Slim Fit - 330 GSM,96,13.25,WOMEN'S SINGLETS / TANKS,7500,
3,4064G,Wo's Organic Rib Crop Tank,95% Organic Cotton  5% Elastane,330 GSM,,,Slim Fit - 330 GSM,102,11.25,WOMEN'S SINGLETS / TANKS,7500,
3,4065,Wo's Maple Faded Tee,100% Combed Cotton,180 GSM,,,Regular Fit - 180 GSM,96,11.75,WOMEN'S T-SHIRTS,7000,
3,4068,Wo's Crop Tank,100% Combed Cotton,150 GSM,,,Regular Fit - 150 GSM,108,6.95,WOMEN'S SINGLETS / TANKS,7500,
3,4069,Wo's Upside Tank,100% Combed Cotton (Marles 15% Viscose),150 GSM,,,Regular Fit - 150 GSM,96,7.25,WOMEN'S SINGLETS / TANKS,7500,
3,4070,Wo's Mock L/S Tee,100% Combed Cotton,180 GSM,,,Relaxed Fit - Mid Weight,72,9.75,WOMEN'S LONGSLEEVES,8000,
3,4071,Wo's Martina L/S Tee,100% Combed Cotton,180 GSM,,,Relaxed Fit - 180 GSM,66,9.95,WOMEN'S LONGSLEEVES,8000,
3,4072,Wo's Classic Crop Tee,100% Combed Cotton (Marles 15% Viscose),220 GSM,,,Regular Fit - 220 GSM,72,10.25,WOMEN'S T-SHIRTS,7000,
3,4073,Wo's Classic L/S Tee,100% Combed Cotton (Marles 15% Viscose),220 GSM,,,Regular Fit - 220 GSM,54,13.5,WOMEN'S LONGSLEEVES,8000,
3,4074,Wo's Organic Rib Baby Tee,100% Organic Cotton Rib,200 GSM,,,Slim Fit - 200 GSM,72,12.75,WOMEN'S T-SHIRTS,7000,
3,4075,Wo's Organic Rib L/S Tee,100% Organic Cotton Rib,200 GSM,,,Slim Fit - 200 GSM,66,15.95,WOMEN'S LONGSLEEVES,8000,
3,4079,Wo's Classic Minus Tee [5cm],100% Combed Cotton,220 GSM,,,5cm Shorter - 220 GSM,66,10.5,WOMEN'S T-SHIRTS,7000,
3,4080,Wo's Heavy Tee,100% Carded Cotton,280 GSM,,,Relaxed Fit - 280 GSM,66,12.5,WOMEN'S T-SHIRTS,7000,
3,4082,Wo's Heavy Faded Tee,100% Carded Cotton,240 GSM,,,Relaxed Fit - 240 GSM,66,12.5,WOMEN'S T-SHIRTS,7000,
3,4083,Wo's Heavy Faded L/S Tee,100% Carded Cotton,240 GSM,,,Relaxed Fit - 240 GSM,48,16.25,WOMEN'S LONGSLEEVES,8000,
3,4084,Wo's Heavy Faded Tank,100% Carded Cotton,240 GSM,,,Relaxed Fit - 240 GSM,84,12.5,WOMEN'S SINGLETS / TANKS,7500,
3,4085,Wo's Stone Wash Heavy Tee,100% Carded Cotton,220 GSM,,,Relaxed Fit - 220 GSM,66,13.75,WOMEN'S T-SHIRTS,7000,
3,4086,Wo's Stone Wash Heavy Crop Tee,100% Carded Cotton,220 GSM,,,Relaxed Fit - 220 GSM,84,13.25,WOMEN'S T-SHIRTS,7000,
3,4089,Wo's Heavy Faded Crop Tee,100% Carded Cotton,240 GSM,,,Relaxed Fit - 240 GSM,84,12.5,WOMEN'S T-SHIRTS,7000,
3,4090,Wo's Martina Tank,100% Combed Cotton,180 GSM,,,Relaxed Fit - 180 GSM,96,7.25,WOMEN'S SINGLETS / TANKS,7500,
3,4091,Wo's Martina Crop Tank,100% Combed Cotton,180 GSM,,,Relaxed Fit - 180 GSM,96,6.95,WOMEN'S SINGLETS / TANKS,7500,
3,4092G,Wo's Organic Rib Tee,95% Organic Cotton  5% Elastane,330 GSM,,,Slim Fit - 330 GSM,48,15.75,WOMEN'S T-SHIRTS,7000,
3,4093,Wo's Martina Crop Tee,100% Combed Cotton,180 GSM,,,Relaxed Fit - 180 GSM,84,7.75,WOMEN'S T-SHIRTS,7000,
3,4094,Wo's Martina Boyfriend Tee,100% Combed Cotton,180 GSM,,,Relaxed Fit - 180 GSM,66,9.75,WOMEN'S T-SHIRTS,7000,
3,4095,Wo's Martina V Neck Tee,100% Combed Cotton,180 GSM,,,Relaxed Fit - 180 GSM,72,8.75,WOMEN'S T-SHIRTS,7000,
3,4100,Wo's Supply Crew,80% Cotton  20% Polyester Anti-Pill Fleece,290 GSM,,,Regular Fit - 290 GSM,18,18.5,WOMEN'S CREW FLEECE,8250,
3,4101,Wo's Supply Hood,80% Cotton  20% Polyester Anti-Pill Fleece,290 GSM,,,Regular Fit - 290 GSM,12,19.5,WOMEN'S HOODED FLEECE,8200,
3,4102,Wo's Stencil Hood,80% Cotton  20% Recycled Polyester Anti-Pill Fleece,350 GSM,,,Regular Fit - 350 GSM,12,29.5,WOMEN'S HOODED FLEECE,8200,
3,4125,Wo's Stencil Half Zip Crew,80% Cotton  20% Polyester Anti-Pill Fleece,350 GSM,,,Regular Fit - 350 GSM,18,26.5,WOMEN'S ZIP FLEECE,8255,
3,4145,Wo's Heavy Crew,CVC Fleece  80% Cotton  20% Polyester,400 GSM,,,Oversized Fit - 400 GSM,12,28.95,WOMEN'S CREW FLEECE,8250,
3,4146,Wo's Heavy Hood,CVC Fleece  80% Cotton  20% Polyester,400 GSM,,,Oversized Fit - 400 GSM,12,31.5,WOMEN'S HOODED FLEECE,8200,
3,4160,Wo's Relax Crew,80% Cotton  20% Recycled Polyester Anti-Pill Fleece,320 GSM,,,Relaxed Fit - 320 GSM,18,21.95,WOMEN'S CREW FLEECE,8250,
3,4161,Wo's Relax Hood,80% Cotton  20% Recycled Polyester Anti-Pill Fleece,320 GSM,,,Relaxed Fit - 320 GSM,10,25.95,WOMEN'S HOODED FLEECE,8200,
3,4162,Wo's Relax Zip Hood,80% Cotton  20% Recycled Polyester Anti-Pill Fleece,320 GSM,,,Relaxed Fit - 320 GSM,10,29.95,WOMEN'S ZIP FLEECE,8255,
3,4164,Wo's Relax Half Zip Hood,80% Cotton  20% Recycled Polyester Anti-Pill Fleece,320 GSM,,,Relaxed Fit - 320 GSM,10,27.95,WOMEN'S ZIP FLEECE,8255,
3,4165,Wo's Relax Faded Crew,80% Cotton  20% Recycled Polyester Fleece,320 GSM,,,Relaxed Fit - 320 GSM,18,22.95,WOMEN'S CREW FLEECE,8250,
3,4166,Wo's Relax Faded Hood,80% Cotton  20% Recycled Polyester Fleece,320 GSM,,,Relaxed Fit - 320 GSM,10,26.95,WOMEN'S HOODED FLEECE,8200,
3,4167,Wo's Relax Faded Half Zip,80% Cotton  20% Recycled Polyester Fleece,320 GSM,,,Relaxed Fit - 320 GSM,18,27.95,WOMEN'S ZIP FLEECE,8255,
3,4168,Wo's Relax Crop Hood,80% Cotton  20% Recycled Polyester Fleece,320 GSM,,,Relaxed Fit - 320 GSM,15,23.95,WOMEN'S HOODED FLEECE,8200,
3,4169,Wo's Relax Crop Crew,80% Cotton  20% Recycled Polyester Fleece,320 GSM,,,Relaxed Fit - 320 GSM,24,21.95,WOMEN'S CREW FLEECE,8250,
3,4170,Wo's Relax Faded Zip Hood,80% Cotton  20% Recycled Polyester Fleece,320 GSM,,,Relaxed Fit - 320 GSM,12,30.95,WOMEN'S ZIP FLEECE,8255,
3,4171,Wo's Box Hood,80% Cotton  20% Recycled Polyester Fleece,350 GSM,,,Relaxed Fit - 350 GSM,12,29.5,WOMEN'S HOODED FLEECE,8200,
3,4401,Wo's Oxford Shirt,100% Woven Cotton,145 GSM,,,Light Weight,42,23.5,WOMEN'S SHIRTS,10000,
3,4402,Wo's Amy Polo,100% Combed Cotton (Marles 15% Viscose),180 GSM,,,Mid Weight,60,11.25,WOMEN'S POLO,11900,
3,4411,Wo's Pique Polo,100% Cotton (Marles 15% Polyester),240 GSM,,,Slim Fit - Heavy Weight,60,11.25,WOMEN'S POLO,11900,
3,4425,Wo's Active Work Polo,100% Recycled Polyester,185 GSM,,,Slim Fit - 185 GSM,72,18.5,WOMEN'S POLO,11900,
3,4431,Wo's Quilted Vest,100% Recycled Polyester  100% Recycled Polyester Wadding,,,,Mid Weight - 100% Recycled Polyester,18,44.95,WOMEN'S JACKETS,16000,
3,4511,Wo's College Bomber Jacket,100% Recycled Polyester Body  100% Recyled Polyester Lining,150 GSM,,,Mid Weight - 100% Recycled Polyester,12,55.95,WOMEN'S JACKETS,16000,
3,4522,Wo's Chore Jacket,100% Cotton Drill  Washed Finish,300 GSM,,,Heavy Weight - 100% Cotton Drill,24,40.5,WOMEN'S JACKETS,16000,
3,4524,Wo's Canvas Chore Jacket,100% cotton duck canvas,365 GSM,,,Heavy Weight - Duck Canvas,18,38.95,WOMEN'S JACKETS,16000,
3,4525,Wo's Quilted Jacket,100% recycled polyester quilted lining & 100% recycled polyester wadding,,,,Mid Weight - 100% Recycled Polyester,12,46.95,WOMEN'S JACKETS,16000,
3,4526,Wo's Tech Jacket,100% Recycled Polyester,,,,Waterproof - 100% Recycled Polyester,12,65.95,WOMEN'S JACKETS,16000,
3,4528,Wo's Canvas Heavy Vest,100% cotton duck canvas  polyester blanket lining,470 GSM,,,Heavy Weight - Duck Canvas,16,42.95,WOMEN'S JACKETS,16000,
3,4530,Wo's Rain Jacket,100% Recycled PU,,,,Waterproof - 100% Recycled PU,12,56.95,WOMEN'S JACKETS,16000,
3,4580,Wo's Denim Jacket,100% Cotton Denim,423G/12.5oz,,,Regular Fit - Heavy Weight,15,40.5,WOMEN'S DENIM,16400,
3,4591,Wo's Puffer Jacket,100% recycled polyester outer & lining  80% down 20% feather fill,,,,Down & Feather Fill - 100% Recycled Polyester,6,89.5,WOMEN'S JACKETS,16000,
3,4592,Wo's Puffer Vest,100% recycled polyester outer & lining  80% down 20% feather fill,,,,Down & Feather Fill - 100% Recycled Polyester,8,74.5,WOMEN'S JACKETS,16000,
3,4610,Wo's Maple Active Blend Tee,60% Recycled Polyester  40% Cotton,160 GSM,,,Regular Fit - 160 GSM,96,9.5,WOMEN'S ACTIVE,16500,
3,4611,Wo's Maple Active Blend Racerback,60% Recycled Polyester  40% Cotton,160 GSM,,,Regular Fit - 160 GSM,96,8.25,WOMEN'S ACTIVE,16500,
3,4620,Wo's Active Shorts,93% Recycled Polyester  7% Spandex,125 GSM,,,Regular Fit - Light Weight,60,21.75,WOMEN'S ACTIVE,16500,
3,4621,Wo's Active Bike Shorts,70% Recycled Nylon  30% Elastane,220 GSM,,,Slim Fit - Recycled Nylon,60,21.95,WOMEN'S ACTIVE,16500,
3,4630,Wo's Active Leggings,70% Recycled Nylon  30% Elastane,220 GSM,,,Slim Fit - Recycled Nylon,42,25.75,WOMEN'S ACTIVE,16500,
3,4631,Wo's Active Mid Leggings,70% Recycled Nylon  30% Elastane,220 GSM,,,Mid Length - Recycled Nylon,48,25.75,WOMEN'S ACTIVE,16500,
3,4634,Wo's Active Seamless Leggings,70% Recycled Nylon  30% Elastane,220 GSM,,,Slim Fit - Recycled Nylon,42,25.75,WOMEN'S ACTIVE,16500,
3,4640,Wo's Active Bra Top,70% Recycled Nylon  30% Elastane,220 GSM,,,Slim Fit - Recycled Nylon,72,20.5,WOMEN'S ACTIVE,16500,
3,4641,Wo's Active Bra Tank,70% Recycled Nylon  30% Elastane,220 GSM,,,Slim Fit - Recycled Nylon,72,20.5,WOMEN'S ACTIVE,16500,
3,4642,Wo's Active Crop Tank,70% Recycled Nylon  30% Elastane,220 GSM,,,Slim Fit - Recycled Nylon,102,11.95,WOMEN'S ACTIVE,16500,
3,4830,Wo's Straight Jeans,100% Cotton,456G/13.5oz,,,Regular Fit - Mid Weight,18,35.95,WOMEN'S DENIM,16400,
3,4906,Wo's Terry Skirt,100% Cotton French Terry,350 GSM,,,Relaxed Fit - Heavy Weight,30,14.5,WOMEN'S DRESSES,8500,
3,4919,Wo's Linen Shorts,100% Linen,140 GSM,,,Regular Fit - Light weight,42,24.25,WOMEN'S SHORTS,18000,
3,4921,Wo's Stencil Track Pants,80% Cotton  20% Polyester Anti-Pill Fleece,350 GSM,,,Regular Fit - 350 GSM,12,22.95,WOMEN'S TRACKPANTS,8257,
3,4926,Wo's Relax Cuffless Track Pants,80% Cotton  20% Recycled Polyester,320 GSM,,,Relaxed Fit - 320 GSM,12,23.95,WOMEN'S TRACKPANTS,8257,
3,4927,Wo's Utility Pants,100% Cotton Canvas,320 GSM,,,Relaxed Fit - Heavy Weight,30,30.95,WOMEN'S PANTS,18100,
3,4932,Wo's Relax Track Pants,80% Cotton  20% Recycled Polyester Anti-Pill Fleece,320 GSM,,,Relaxed Fit - 320 GSM,12,23.95,WOMEN'S TRACKPANTS,8257,
3,4933,Wo's Relax Track Shorts,80% Cotton  20% Recycled Polyester,320 GSM,,,Relaxed Fit - 320 GSM,30,17.5,WOMEN'S SHORTS,18000,
3,4938,Wo's Relax Faded Track Pants,80% Cotton  20% Recycled Polyester,320 GSM,,,Relaxed Fit - 320 GSM,12,23.95,WOMEN'S TRACKPANTS,8257,
3,4980,Wo's Canvas Overalls,100% Cotton Duck Canvas,360 GSM,,,Heavy Weight - Duck Canvas,28,34.95,WOMEN'S OVERALLS,15500,
3,4981,Wo's Canvas Coveralls,100% Cotton Duck Canvas,470 GSM,,,Heavy Weight - Duck Canvas,12,50.5,WOMEN'S OVERALLS,15500,
3,5001,Staple Tee,100% Combed Cotton (Marles 15% Viscose),180 GSM,,,Regular Fit - 180 GSM,72,7.95,MEN'S T-SHIRTS,1000,
3,5001,Staple Tee (4XL),100% Combed Cotton (Marles 15% Viscose),180 GSM,,,Regular Fit - 180 GSM,48,9.5,MEN'S T-SHIRTS,1000,
3,5001,Staple Tee (5XL),100% Combed Cotton (Marles 15% Viscose),180 GSM,,,Regular Fit - 180 GSM,48,9.5,MEN'S T-SHIRTS,1000,
3,5001A,Staple Active Tee,100% Recycled Polyester,150 GSM,,,Regular FIt - 180 GSM,72,13.25,MEN'S T-SHIRTS,1000,
3,5001C,Staple Camo Tee,100% Cotton,180 GSM,,,Regular Fit - 180 GSM,72,10.95,MEN'S T-SHIRTS,1000,
3,5001G,Staple Organic Tee,100% Combed Organic Cotton (Marles 15% Viscose),180 GSM,,,Regular Fit - 180 GSM,72,8.25,MEN'S T-SHIRTS,1000,
3,5001M,Staple Marle Tee,80% Cotton  20% Polyester,180 GSM,,,Regular Fit - 180 GSM,72,8.25,MEN'S T-SHIRTS,1000,
3,5001R,Staple Raglan Tee,100% Combed Cotton (Marles 15% Viscose),180 GSM,,,Regular Fit - 180 GSM,72,8.75,MEN'S T-SHIRTS,1000,
3,5001V,Staple V Neck Tee,100% Combed Cotton,180 GSM,,,Regular Fit - 180 GSM,72,8.25,MEN'S T-SHIRTS,1000,
3,5004,Authentic Singlet,100% Combed Cotton (Marles 15% Viscose),150 GSM,,,Regular Fit - 150 GSM,96,7.25,MEN'S SINGLETS / TANKS,1500,
3,5005,Organic Tee,100% Organic Combed Cotton (Marles 15% Viscose),150 GSM,,,Slim Fit - 150 GSM,72,8.5,MEN'S T-SHIRTS,1000,
3,5007,Lowdown Singlet,100% Combed Cotton (Marles 15% Viscose),150 GSM,,,Regular Fit - 150 GSM,96,7.5,MEN'S SINGLETS / TANKS,1500,
3,5012,Raglan Tee,100% Combed Cotton (Marles 15% Viscose),150 GSM,,,Regular Fit - 150 GSM,72,9.95,MEN'S T-SHIRTS,1000,
3,5013,Tall Tee,100% Combed Cotton (Marles 15% Viscose),180 GSM,,,Extra Long Length - 180 GSM,72,9.25,MEN'S T-SHIRTS,1000,
3,5020,Staple L/S Tee,100% Combed Cotton (Marles 15% Viscose),180 GSM,,,Regular Fit - 180 GSM,54,10.95,MEN'S LONGSLEEVES,2500,
3,5020,Staple L/S Tee (4XL),100% Combed Cotton (Marles 15% Viscose),180 GSM,,,Regular Fit - 180 GSM,48,12.95,MEN'S LONGSLEEVES,2500,
3,5020,Staple L/S Tee (5XL),100% Combed Cotton (Marles 15% Viscose),180 GSM,,,Regular Fit - 180 GSM,48,12.95,MEN'S LONGSLEEVES,2500,
3,5020A,Staple Active L/S Tee,100% Recycled Polyester,180 GSM,,,Regular Fit - 180 GSM,48,15.25,MEN'S LONGSLEEVES,2500,
3,5020G,Staple Organic L/S Tee,100% Organic Combed Cotton (Marles 15% Viscose),180 GSM,,,Regular Fit - 180 GSM,54,10.95,MEN'S LONGSLEEVES,2500,
3,5025,Barnard Tank,100% Combed Cotton (Marles 15% Viscose),150 GSM,,,Regular Fit - 150 GSM,96,7.25,MEN'S SINGLETS / TANKS,1500,
3,5026,Classic Tee,100% Combed Cotton (Marles 15% Viscose),220 GSM,,,Regular Fit - 220 GSM,60,10.5,MEN'S T-SHIRTS,1000,
3,5026,Classic Tee (4XL),100% Combed Cotton (Marles 15% Viscose),220 GSM,,,Regular Fit - 220 GSM,36,12.5,MEN'S T-SHIRTS,1000,
3,5026,Classic Tee (5XL),100% Combed Cotton (Marles 15% Viscose),220 GSM,,,Regular Fit - 220 GSM,36,12.5,MEN'S T-SHIRTS,1000,
3,5026G,Classic Organic Tee,100% Organic Combed Cotton,220 GSM,,,Regular Fit - 220 GSM,60,11.95,MEN'S T-SHIRTS,1000,
3,5027,Classic Pocket Tee,100% Combed Cotton (Marles 15% Viscose),220 GSM,,,Regular Fit - 220 GSM,60,10.75,MEN'S T-SHIRTS,1000,
3,5028,Staple Stripe Tee,100% Combed Cotton (Marles 15% Polyester),160 GSM,,,Regular Fit - 160 GSM,72,10.75,MEN'S T-SHIRTS,1000,
3,5029,Base L/S Tee,100% Carded Cotton (Marles 15% Viscose),200 GSM,,,Cuffed Sleeves - Heavy Weight,54,10.5,MEN'S LONGSLEEVES,2500,
3,5029G,Base Organic L/S Tee,100% Organic Combed Cotton,180 GSM,,,Regular Fit - 180 GSM,54,10.95,MEN'S LONGSLEEVES,2500,
3,5030,Box Tee,100% Combed Cotton,240 GSM,,,Relaxed Fit - 240 GSM,48,11.75,MEN'S T-SHIRTS,1000,
3,5031,Box L/S Tee,100% Combed Cotton,240 GSM,,,Landing March,36,11.75,MEN'S LONGSLEEVES,2500,
3,5032,Barnard Stripe,100% Cotton,150 GSM,,,Light Weight,96,7.75,MEN'S SINGLETS / TANKS,1500,
3,5039,Stone Wash Barnard Tank,100% Combed Cotton,140 GSM,,,Regular Fit - 140 GSM,96,10.95,MEN'S SINGLETS / TANKS,1500,
3,5040,Staple Stone Wash Tee,100% Combed Cotton,140 GSM,,,Regular Fit - 140 GSM,72,12.25,MEN'S T-SHIRTS,1000,
3,5044,Classic Stripe Tee,100% Combed Cotton,200 GSM,,,Regular Fit - 200 GSM,72,10.95,MEN'S T-SHIRTS,1000,
3,5045,Wide Stripe Tee,100% Combed Cotton,220 GSM,,,Crew Neck - Heavy Weight,72,10.95,MEN'S T-SHIRTS,1000,
3,5046,Classic Quad Stripe Tee,100% Combed Cotton,200 GSM,,,Regular Fit - 200 GSM,60,10.95,MEN'S T-SHIRTS,1000,
3,5050F,Block Safety Tee,65% Polyester  35% Cotton,200 GSM,,,Certified for Hi-Viz - 200 GSM,72,9.75,MEN'S T-SHIRTS,1000,
3,5050F,Block Safety Tee (4XL),65% Polyester  35% Cotton,200 GSM,,,Certified for Hi-Viz - 200 GSM,48,11.25,MEN'S T-SHIRTS,1000,
3,5050F,Block Safety Tee (5XL),65% Polyester  35% Cotton,200 GSM,,,Certified for Hi-Viz - 200 GSM,48,11.25,MEN'S T-SHIRTS,1000,
3,5050T,Block Tubular Tee,100% Carded Cotton (Marles 15% Viscose),200 GSM,,,Regular Fit - 200 GSM,72,5.25,MEN'S T-SHIRTS,1000,
3,5050T,Block Tubular Tee (4XL),100% Carded Cotton (Marles 15% Viscose),200 GSM,,,Regular Fit - 200 GSM,36,6.75,MEN'S T-SHIRTS,1000,
3,5050T,Block Tubular Tee (5XL),100% Carded Cotton (Marles 15% Viscose),200 GSM,,,Regular Fit - 200 GSM,36,6.75,MEN'S T-SHIRTS,1000,
3,5051,Basic Tee,100% Carded Cotton (Marles 15% Viscose),160 GSM,,,Regular Fit - 160 GSM,72,6.25,MEN'S T-SHIRTS,1000,
3,5051,Basic Tee (4XL),100% Carded Cotton (Marles 15% Viscose),160 GSM,,,Regular Fit - 160 GSM,60,7.75,MEN'S T-SHIRTS,1000,
3,5051,Basic Tee (5XL),100% Carded Cotton (Marles 15% Viscose),160 GSM,,,Regular Fit - 160 GSM,60,7.75,MEN'S T-SHIRTS,1000,
3,5052,Block Oversized Tee,100% Carded Cotton (Marles 15% Viscose),200 GSM,,,Oversized Fit - 200 GSM,42,6.75,MEN'S T-SHIRTS,1000,
3,5053,Staple Ringer Tee,100% Combed Cotton,180 GSM,,,Regular Fit - 180 GSM,72,8.75,MEN'S T-SHIRTS,1000,
3,5054,Block L/S Tee,100% Carded Cotton,200 GSM,,,Regular Fit - 200 GSM,54,7.95,MEN'S LONGSLEEVES,2500,
3,5054F,Block Safety L/S Tee,100% Carded Cotton,200 GSM,,,Certified for Hi-Viz - 200 GSM,54,12.5,MEN'S LONGSLEEVES,2500,
3,5056,General L/S Tee,100% Carded Cotton (Marles 15% Viscose),200 GSM,,,Relaxed Fit - 200 GSM,54,9.75,MEN'S LONGSLEEVES,2500,
3,5063G,Organic Rib Singlet,100% Organic Cotton,330 GSM,,,Regular Fit - 330 GSM,42,15.95,MEN'S SINGLETS / TANKS,1500,
3,5065,Staple Faded Tee,100% Combed Cotton,180 GSM,,,Regular Fit - 180 GSM,72,12.25,MEN'S T-SHIRTS,1000,
3,5069,Classic Oversized Tee,100% Combed Cotton (Marles 15% Viscose),220 GSM,,,Oversized - 220 GSM,42,10.95,MEN'S T-SHIRTS,1000,
3,5070,Classic Plus Tee [+5cm],100% Combed Cotton (Marles 15% Viscose),220 GSM,,,5cm Longer - 220 GSM,60,10.95,MEN'S T-SHIRTS,1000,
3,5071,Classic L/S Tee,100% Combed Cotton (Marles 15% Viscose),220 GSM,,,Regular Fit - 220 GSM,54,13.95,MEN'S LONGSLEEVES,2500,
3,5071,Classic L/S Tee (4XL),100% Combed Cotton (Marles 15% Viscose),220 GSM,,,Regular Fit - 220 GSM,36,15.95,MEN'S LONGSLEEVES,2500,
3,5071,Classic L/S Tee (5XL),100% Combed Cotton (Marles 15% Viscose),220 GSM,,,Regular Fit - 220 GSM,36,15.95,MEN'S LONGSLEEVES,2500,
3,5072,Classic Pocket L/S Tee,100% Combed Cotton,220 GSM,,,Regular Fit - 220 GSM,54,14.5,MEN'S LONGSLEEVES,2500,
3,5073,Classic Tank,100% Combed Cotton,220 GSM,,,Regular Fit - 220 GSM,72,8.95,MEN'S SINGLETS / TANKS,1500,
3,5074,Staple Minus Tee [5cm],100% Combed Cotton,180 GSM,,,5cm Shorter - 180 GSM,72,7.95,MEN'S T-SHIRTS,1000,
3,5075,Staple Plus Tee [+5cm],100% Combed Cotton,180 GSM,,,5cm Longer - 180 GSM,72,8.75,MEN'S T-SHIRTS,1000,
3,5076,Staple Curve Tee,100% Combed Cotton,180 GSM,,,Regular Fit - 180 GSM,72,8.25,MEN'S T-SHIRTS,1000,
3,5077,Staple Recycled Tee,20% Recycled Polyester  80% Recycled Cotton,200 GSM,,,100% Recycled - 200 GSM,72,8.95,MEN'S T-SHIRTS,1000,
3,5078,Staple Active Tank,100% Recycled Polyester,180 GSM,,,Regular Fit - 180 GSM,96,11.95,MEN'S SINGLETS / TANKS,1500,
3,5079,Classic Minus Tee [5cm],100% Combed Cotton,220 GSM,,,5cm Shorter - 220 GSM,60,10.5,MEN'S T-SHIRTS,1000,
3,5080,Heavy Tee,100% Carded Cotton (Marles 15% Viscose),280 GSM,,,Relaxed Fit - 280 GSM,48,12.5,MEN'S T-SHIRTS,1000,
3,5080,Heavy Tee (4XL),100% Carded Cotton (Marles 15% Viscose),280 GSM,,,Relaxed Fit - 280 GSM,36,14.5,MEN'S T-SHIRTS,1000,
3,5080,Heavy Tee (5XL),100% Carded Cotton (Marles 15% Viscose),280 GSM,,,Relaxed Fit - 280 GSM,36,14.5,MEN'S T-SHIRTS,1000,
3,5081,Heavy L/S Tee,100% Carded Cotton (Marles 15% Viscose),280 GSM,,,Relaxed Fit - 280 GSM,42,15.95,MEN'S LONGSLEEVES,2500,
3,5082,Heavy Faded Tee,100% Carded Cotton,240 GSM,,,Relaxed Fit - 240 GSM,48,12.5,MEN'S T-SHIRTS,1000,
3,5083,Heavy Faded L/S Tee,100% Carded Cotton,240 GSM,,,Relaxed Fit - 240 GSM,42,15.95,MEN'S LONGSLEEVES,2500,
3,5084,Heavy Faded Tank,100% Carded Cotton,240 GSM,,,Relaxed Fit - 240 GSM,66,12.25,MEN'S SINGLETS / TANKS,1500,
3,5085,Stone Wash Heavy Tee,100% Cotton,220 GSM,,,Relaxed Fit - 220gsm,48,13.5,MEN'S T-SHIRTS,1000,
3,5086,Heavy Faded Minus Tee [5cm],100% Carded Cotton,240 GSM,,,5cm Shorter - 240 GSM,48,12.5,MEN'S T-SHIRTS,1000,
3,5090,Staple Tank,100% Combed Cotton,180 GSM,,,Regular Fit - 180 GSM,96,8.75,MEN'S SINGLETS / TANKS,1500,
3,5091,Staple Curve Tank,100% Combed Cotton,180 GSM,,,Regular Fit - 180 GSM,72,8.75,MEN'S SINGLETS / TANKS,1500,
3,5100,Supply Crew,80% Cotton  20% Polyester,290 GSM,,,Regular Fit - 290 GSM,18,18.5,MEN'S CREW FLEECE,5300,
3,5100,Supply Crew (4XL),80% Cotton  20% Polyester,290 GSM,,,Regular Fit - 290 GSM,12,21.5,MEN'S CREW FLEECE,5300,
3,5100,Supply Crew (5XL),80% Cotton  20% Polyester,290 GSM,,,Regular Fit - 290 GSM,12,21.5,MEN'S CREW FLEECE,5300,
3,5101,Supply Hood,80% Cotton  20% Polyester,290 GSM,,,Regular Fit - 290 GSM,12,19.5,MEN'S HOODED FLEECE,5200,
3,5101,Supply Hood (4XL),80% Cotton  20% Polyester,290 GSM,,,Regular Fit - 290 GSM,12,23.5,MEN'S HOODED FLEECE,5200,
3,5101,Supply Hood (5XL),80% Cotton  20% Polyester,290 GSM,,,Regular Fit - 290 GSM,12,23.5,MEN'S HOODED FLEECE,5200,
3,5102,Stencil Hood,80% Cotton  20% Polyester,350 GSM,,,Regular Fit - 350 GSM,12,29.5,MEN'S HOODED FLEECE,5200,
3,5102,Stencil Hood (4XL),80% Cotton  20% Polyester,350 GSM,,,Regular Fit - 350 GSM,12,32.5,MEN'S HOODED FLEECE,5200,
3,5102,Stencil Hood (5XL),80% Cotton  20% Polyester,350 GSM,,,Regular Fit - 350 GSM,12,32.5,MEN'S HOODED FLEECE,5200,
3,5102C,Stencil Camo Hood,80% Cotton  20% Polyester,350 GSM,,,Regular Fit - 350 GSM,12,30.5,MEN'S HOODED FLEECE,5200,
3,5102F,Stencil Safety Hood,65% Recycled Polyester  35% Cotton Anti-Pill Fleece,350 GSM,,,Regular Fit - 350 GSM,12,28.95,MEN'S HOODED FLEECE,5200,
3,5102G,Organic Stencil Hood,100% Organic Cotton,350 GSM,,,Regular Fit - 350 GSM,12,31.5,MEN'S HOODED FLEECE,5200,
3,5103,Stencil Crew,80% Cotton 20% Polyester,290 GSM,,,Regular Fit - 350 GSM,12,25.95,MEN'S CREW FLEECE,5300,
3,5104,Stencil Zip Hood,80% Cotton  20% Recycled Polyester Anti-Pill CVC Fleece,350 GSM,,,Regular Fit - 350 GSM,12,32.5,MEN'S ZIP FLEECE,5400,
3,5109,Supply Zip Hood,80% Cotton 20% Polyester,290 GSM,,,Regular Fit - 290 GSM,12,22.5,MEN'S ZIP FLEECE,5400,
3,5125,Stencil Half Zip Crew,80% Cotton  20% Recycled Polyester Anti-Pill Fleece,350 GSM,,,Regular Fit - 350 GSM,12,26.5,MEN'S ZIP FLEECE,5400,
3,5125,Stencil Half Zip Crew (4XL),80% Cotton  20% Recycled Polyester Anti-Pill Fleece,350 GSM,,,Regular Fit - 350 GSM,12,29.5,MEN'S ZIP FLEECE,5400,
3,5125,Stencil Half Zip Crew (5XL),80% Cotton  20% Recycled Polyester Anti-Pill Fleece,350 GSM,,,Regular Fit - 350 GSM,12,29.5,MEN'S ZIP FLEECE,5400,
3,5145,Heavy Crew,CVC Fleece  80% Cotton  20% Polyester,400 GSM,,,Oversized Fit - 400 GSM,12,29.5,MEN'S CREW FLEECE,5300,
3,5146,Heavy Hood,CVC Fleece  80% Cotton  20% Polyester,400 GSM,,,Oversized Fit - 400 GSM,10,31.5,MEN'S HOODED FLEECE,5200,
3,5148,Heavy Zip Hood,CVC Fleece  80% Cotton  20% Polyester,400 GSM,,,Relaxed Fit - 400 GSM,10,32.95,MEN'S ZIP FLEECE,5400,
3,5150,Made Crew,100% Cotton French Terry,500 GSM,,,Relaxed Fit - 500 GSM,12,30.95,MEN'S CREW FLEECE,5300,
3,5151,Made Hood,100% Cotton French Terry,500 GSM,,,Relaxed Fit - 500 GSM,10,34.95,MEN'S HOODED FLEECE,5200,
3,5160,Relax Crew,80% Cotton  20% Recycled Polyester Anti-Pill Fleece,320 GSM,,,Relaxed Fit - 320 GSM,18,21.95,MEN'S CREW FLEECE,5300,
3,5160,Relax Crew (4XL),80% Cotton  20% Recycled Polyester Anti-Pill Fleece,320 GSM,,,Relaxed Fit - 320 GSM,12,24.95,MEN'S CREW FLEECE,5300,
3,5160,Relax Crew (5XL),80% Cotton  20% Recycled Polyester Anti-Pill Fleece,320 GSM,,,Relaxed Fit - 320 GSM,12,24.95,MEN'S CREW FLEECE,5300,
3,5161,Relax Hood,80% Cotton  20% Recycled Polyester Anti-Pill Fleece,320 GSM,,,Relaxed Fit - 320 GSM,10,25.95,MEN'S HOODED FLEECE,5200,
3,5161,Relax Hood (4XL),80% Cotton  20% Recycled Polyester Anti-Pill Fleece,320 GSM,,,Relaxed Fit - 320 GSM,10,28.95,MEN'S HOODED FLEECE,5200,
3,5161,Relax Hood (5XL),80% Cotton  20% Recycled Polyester Anti-Pill Fleece,320 GSM,,,Relaxed Fit - 320 GSM,10,28.95,MEN'S HOODED FLEECE,5200,
3,5162,Relax Zip Hood,80% Cotton  20% Recycled Polyester Anti-Pill Fleece,320 GSM,,,Relaxed Fit - 320 GSM,10,30.5,MEN'S ZIP FLEECE,5400,
3,5163,Relax Pocket Crew,80% Cotton  20% Recycled Polyester Anti-Pill Fleece,320 GSM,,,Relaxed Fit - 320 GSM,18,25.5,MEN'S CREW FLEECE,5300,
3,5164,Relax Half Zip Hood,80% Cotton  20% Recycled Polyester Anti-Pill Fleece,320 GSM,,,Relaxed Fit - 320 GSM,10,27.95,MEN'S ZIP FLEECE,5400,
3,5165,Relax Faded Crew,80% Cotton  20% Recycled Polyester Anti-Pill Fleece,320 GSM,,,Relaxed Fit - 320 GSM,18,22.95,MEN'S CREW FLEECE,5300,
3,5166,Relax Faded Hood,80% Cotton  20% Recycled Polyester Fleece,320 GSM,,,Relaxed Fit - 320 GSM,10,26.95,MEN'S HOODED FLEECE,5200,
3,5167,Relax Faded Half Zip,80% Cotton  20% Recycled Polyester Fleece,320 GSM,,,Relaxed Fit - 320 GSM,12,27.95,MEN'S ZIP FLEECE,5400,
3,5170,Relax Faded Zip Hood,80% Cotton  20% Recycled Polyester Fleece,320 GSM,,,Relaxed Fit - 320 GSM,10,30.95,MEN'S ZIP FLEECE,5400,
3,5171,Box Hood,80% Cotton  20% Recycled Polyester Fleece,350 GSM,,,Relaxed fit - 350 GSM,12,29.5,MEN'S HOODED FLEECE,5200,
3,5172,Box Minus Hood [4cm],80% Cotton  20% Recycled Polyester Fleece,350 GSM,,,Relaxed fit - 350 GSM,12,28.95,MEN'S HOODED FLEECE,5200,
3,5401,Oxford Shirt,100% Woven Cotton,145 GSM,,,Mid Weight,36,26.5,MEN'S SHIRTS,5650,
3,5401,Oxford Shirt (4XL),100% Woven Cotton,145 GSM,,,Mid Weight,24,27.95,MEN'S SHIRTS,5650,
3,5401,Oxford Shirt (5XL),100% Woven Cotton,145 GSM,,,Mid Weight,24,27.95,MEN'S SHIRTS,5650,
3,5402,Chad Polo,100% Combed Cotton (Marles 15% Viscose),220 GSM,,,Small Side Splits - Heavy Weight,60,13.25,MEN'S POLO,5655,
3,5402,Chad Polo (4XL),100% Combed Cotton (Marles 15% Viscose),220 GSM,,,Small Side Splits - Heavy Weight,42,15.5,MEN'S POLO,5655,
3,5402,Chad Polo (5XL),100% Combed Cotton (Marles 15% Viscose),220 GSM,,,Small Side Splits - Heavy Weight,42,15.5,MEN'S POLO,5655,
3,5404,Chad L/S Polo,100% Carded Cotton (Marles 15% Viscose),200 GSM,,,Cuffed Sleeves - Heavy Weight,42,13.75,MEN'S POLO,5655,
3,5407,Oxford S/S Shirt,100% Woven Cotton,145 GSM,,,Mid Weight,48,22.5,MEN'S SHIRTS,5650,
3,5409,Blue Denim Shirt,100% Cotton,160 GSM,,,Mid Weight,36,25.5,MEN'S SHIRTS,5650,
3,5410,Rugby Jersey,100% Carded Cotton (Marles 15% Viscose),280 GSM,,,Heavy Weight,36,17.25,MEN'S SHIRTS,5650,
3,5411,Pique Polo,100% Cotton (Marles 15% Viscose),240 GSM,,,Regular - Heavy Weight,48,12.75,MEN'S POLO,5655,
3,5411,Pique Polo (4XL),100% Cotton (Marles 15% Viscose),240 GSM,,,Regular - Heavy Weight,36,14.75,MEN'S POLO,5655,
3,5411,Pique Polo (5XL),100% Cotton (Marles 15% Viscose),240 GSM,,,Regular - Heavy Weight,36,14.75,MEN'S POLO,5655,
3,5414,Denim Wash Shirt,100% Cotton,170 GSM,,,Mid Weight,36,29.95,MEN'S SHIRTS,5650,
3,5417,Check Shirt,100% Cotton Flannel,235 GSM,,,Regular Fit - Mid Weight,36,32.95,MEN'S SHIRTS,5650,
3,5418,Linen Shirt,100% Linen,140 GSM,,,Light Weight,36,40.95,MEN'S SHIRTS,5650,
3,5419,Cord Shirt,100% Cotton Corduroy,300 GSM,,,Regular Fit - Heavy Weight,20,37.95,MEN'S SHIRTS,5650,
3,5420,Linen S/S Shirt,100% Linen,140 GSM,,,Light Weight,48,35.95,MEN'S SHIRTS,5650,
3,5421,Work S/S Shirt,100% Cotton Drill,240 GSM,,,Heavy Weight,30,26.5,MEN'S SHIRTS,5650,
3,5422,Work Shirt,100% Cotton Drill,240 GSM,,,Heavy Weight,24,30.5,MEN'S SHIRTS,5650,
3,5423,Heavy Baseball Jersey,100% Carded Cotton,280 GSM,,,Relaxed Fit - 280 GSM,42,18.5,MEN'S SHIRTS,5650,
3,5425,Active Work Polo,100% Recycled Polyester,185 GSM,,,Regular Fit - 185 GSM,60,18.75,MEN'S POLO,5655,
3,5425,Active Work Polo (4XL),100% Recycled Polyester,185 GSM,,,Regular Fit - 185 GSM,54,20.75,MEN'S POLO,5655,
3,5425,Active Work Polo (5XL),100% Recycled Polyester,185 GSM,,,Regular Fit - 185 GSM,54,20.75,MEN'S POLO,5655,
3,5425F,Work Safety Polo,100% Recycled Polyester,185 GSM,,,Regular Fit - 185 GSM,60,18.75,MEN'S POLO,5655,
3,5425F,Work Safety Polo (4XL),100% Recycled Polyester,185 GSM,,,Regular Fit - 185 GSM,48,20.75,MEN'S POLO,5655,
3,5425F,Work Safety Polo (5XL),100% Recycled Polyester,185 GSM,,,Regular Fit - 185 GSM,48,20.75,MEN'S POLO,5655,
3,5501,Cyrus Windbreaker,100% Recycled Polyester Rip-Stop,90 GSM,,,Light Weight - 100% Recycled Ripstop,42,42.95,MEN'S JACKETS,5800,
3,5502,Tech Windbreaker,100% recycled polyester shell + PU Transfer membrane 100% recycled polyester lining,,,,100% Recycled Polyester,18,61.95,MEN'S JACKETS,5800,
3,5506,Bomber Jacket,100% Cotton Drill,300 GSM,,,Heavy Weight - 100% Cotton Drill,18,47.95,MEN'S JACKETS,5800,
3,5506,Bomber Jacket (4XL),100% Cotton Drill,300 GSM,,,Heavy Weight - 100% Cotton Drill,12,49.95,MEN'S JACKETS,5800,
3,5506,Bomber Jacket (5XL),100% Cotton Drill,300 GSM,,,Heavy Weight - 100% Cotton Drill,12,49.95,MEN'S JACKETS,5800,
3,5508,Section Zip Jacket,100% Recycled Polyester Rip-Stop,90 GSM,,,Light Weight - 100% Recycled Ripstop,42,48.95,MEN'S JACKETS,5800,
3,5511,College Bomber Jacket,100% Recycled Polyester Body  100% Recyled Polyester Lining,150 GSM,,,Mid Weight - 100% Recycled Polyester,10,55.95,MEN'S JACKETS,5800,
3,5512,Felt Bomber Jacket,50% Wool  50% Recycled Polyester,290 GSM,,,Heavy Weight - 50% Wool | 50% Recycled Polyester,10,78.95,MEN'S JACKETS,5800,
3,5520,Coach Jacket,100% Nylon Body & Sleeve Lining,80 GSM,,,Light Weight - 100% Nylon Body,24,30.95,MEN'S JACKETS,5800,
3,5521,Work Jacket,100% Cotton Drill  Recycled Polyester Padded Lining,300 GSM,,,Heavy Weight - 100% Cotton Drill,12,52.95,MEN'S JACKETS,5800,
3,5522,Chore Jacket,100% Cotton Drill  Washed Finish,300 GSM,,,Heavy Weight - 100% Cotton Drill,18,43.95,MEN'S JACKETS,5800,
3,5523,Service Jacket,100% Cotton Drill  Recycled Polyester Padded Lining,300 GSM,,,Heavy Weight - 100% Cotton Drill,12,55.95,MEN'S JACKETS,5800,
3,5524,Canvas Chore Jacket,100% Cotton Duck Canvas,470 GSM,,,Heavy Weight - Duck Canvas,20,40.95,MEN'S JACKETS,5800,
3,5525,Quilted Jacket,100% recycled polyester quilted lining & wadding,,,,Mid Weight - 100% Recycled Polyester,12,49.95,MEN'S JACKETS,5800,
3,5526,Tech Jacket,100% Recycled Polyester,,,,Waterproof - 100% Recycled Polyester,12,67.95,MEN'S JACKETS,5800,
3,5527,Canvas Heavy Jacket,100% Cotton Duck Canvas,470 GSM,,,Heavy Weight - Duck Canvas,10,53.95,MEN'S JACKETS,5800,
3,5528,Canvas Heavy Vest,100% Cotton Duck Canvas,470 GSM,,,Heavy Weight - Duck Canvas,15,42.95,MEN'S JACKETS,5800,
3,5529,Canvas Heavy Hooded Jacket,100% Cotton Duck Canvas,470 GSM,,,Heavy Weight - Duck Canvas,8,62.95,MEN'S JACKETS,5800,
3,5531,Quilted Vest,100% recycled polyester quilted lining & 100% recycled polyester wadding,,,,Mid Weight - 100% Recycled Polyester,18,46.95,MEN'S JACKETS,5800,
3,5532,Canvas Bomber Hood Jacket,100% Cotton Duck Canvas  100% Recycled Polyester Quilting,470 GSM,,,Heavy Weight - Duck Canvas,9,65.95,MEN'S JACKETS,5800,
3,5533,Canvas Cord Collar Jacket,100% Cotton Duck Canvas,470 GSM,,,Heavy Weight - Duck Canvas,10,56.95,MEN'S JACKETS,5800,
3,5590,Hooded Puffer Jacket,100% recycled polyester outer & lining  80% down 20% feather fill,,,,Down & Feather Fill - 100% Recycled Polyester,6,104.5,MEN'S JACKETS,5800,
3,5591,Puffer Jacket,100% recycled polyester outer & lining  80% down 20% feather fill,,,,Down & Feather Fill - 100% Recycled Polyester,6,95.5,MEN'S JACKETS,5800,
3,5592,Puffer Vest,100% recycled polyester outer & lining  80% down 20% feather fill,,,,Down & Feather Fill - 100% Recycled Polyester,8,77.5,MEN'S JACKETS,5800,
3,5610,Staple Active Blend Tee,60% Recycled Polyester  40% Cotton,160 GSM,,,Regular Fit - 160 GSM,72,9.5,MEN'S T-SHIRTS,1000,
3,5620,"Active Shorts 18""",93% Recycled Polyester  7% Spandex,125 GSM,,,Regular Fit - Light Weight,60,23.25,MEN'S SHORTS,6800,
3,5621,"Active Pro Shorts 18""",93% Recycled Polyester  7% Spandex,125 GSM,,,Regular Fit - Light Weight,60,23.95,MEN'S SHORTS,6800,
3,5650,Active Jacket,100% Recycled Nylon,125 GSM,,,Light Weight - Packable,42,54.95,MEN'S JACKETS,5800,
3,5801,Standard Jeans,98.5% Cotton  1.5% Elastane,413G/12.2oz,,,Slim Fit - Mid Weight,24,28.5,MEN'S DENIM,6700,
3,5830,Straight Jeans,100% Cotton,441G/13oz,,,Regular Fit - Mid Weight,18,34.95,MEN'S PANTS,6900,
3,5901,Standard Pants,98% Cotton  2% Elastane,280 GSM,,,Slim Fit - Mid Weight,36,29.5,MEN'S PANTS,6900,
3,5903,"Beach Shorts 17""",100% Cotton,130 GSM,,,Regular Fit - Light Weight,60,15.95,MEN'S SHORTS,6800,
3,5904,"Swim Shorts 17""",100% Recycled Nylon,135 GSM,,,Regular Fit - Light Weight,60,15.5,MEN'S SHORTS,6800,
3,5905,"Track Shorts 19""",82% Cotton  18% Polyester Anti-Pill French Terry Fleece,320 GSM,,,Regular Fit - 320 GSM,30,17.75,MEN'S SHORTS,6800,
3,5910,"Court Shorts 20""",100% Polyester,240 GSM,,,Regular Fit - Light Weight,36,15.5,MEN'S SHORTS,6800,
3,5916,"Stadium Shorts 20""",100% Cotton,320 GSM,,,Regular Fit - 320 GSM,30,18.75,MEN'S SHORTS,6800,
3,5916C,"Stadium Camo Shorts 20""",80% Cotton  20% Polyester Anti-Pill Fleece,290 GSM,,,Regular Fit - 290 GSM,30,19.75,MEN'S SHORTS,6800,
3,5917,Surplus Track Pants,80% Cotton  20% Polyester Anti-Pill Fleece,290 GSM,,,Regular Fit - 290 GSM,18,19.75,MEN'S TRACKPANTS,5500,
3,5919,"Linen Shorts 18""",100% Linen,215 GSM,,,Regular Fit - Light Weight,36,24.75,MEN'S SHORTS,6800,
3,5921,Stencil Track Pants,80% Cotton  20% Recycled Polyester Anti-Pill Fleece,350 GSM,,,Regular Fit - 350 GSM,12,23.5,MEN'S TRACKPANTS,5500,
3,5924,"Active Training Shorts 19""",100% Recycled Polyester,170 GSM,,,Regular Fit - Light Weight,60,23.5,MEN'S SHORTS,6800,
3,5925,"Cargo Walk Shorts 19""",100% Cotton,270 GSM,,,Relaxed Fit - Mid Weight,40,25.75,MEN'S SHORTS,6800,
3,5929,"Walk Shorts 18""",100% Cotton Twill,250 GSM,,,Regular Fit - Mid Weight,36,23.5,MEN'S SHORTS,6800,
3,5930,Straight Pants,98% Cotton  2% Elastane,280 GSM,,,Regular Fit - Mid Weight,36,29.5,MEN'S PANTS,6900,
3,5931,Relaxed Pants,98% Cotton  2% Elastane,280 GSM,,,Relaxed Fit - Mid Weight,36,30.5,MEN'S PANTS,6900,
3,5932,Relax Track Pants,80% Cotton  20% Recycled Polyester Anti-Pill Fleece,320 GSM,,,Relaxed Fit - 320 GSM,10,23.75,MEN'S TRACKPANTS,5500,
3,5933,"Relax Track Shorts 18""",80% Cotton  20% Recycled Polyester Anti-Pill Fleece,320 GSM,,,Relaxed Fit - 320 GSM,24,16.95,MEN'S SHORTS,6800,
3,5934,Cord Pants,100% Cotton Corduroy,300 GSM,,,Regular Fit - 300 GSM,24,37.95,MEN'S PANTS,6900,
3,5938,Relax Faded Track Pants,80% Cotton  20% Recycled Polyester,320 GSM,,,Relaxed Fit - 320 GSM,12,24.25,MEN'S TRACKPANTS,5500,
3,5939,"Relax Faded Track Shorts 18""",80% Cotton  20% Recycled Polyester,320 GSM,,,Relaxed Fit - 320 GSM,24,17.5,MEN'S SHORTS,6800,
3,5941,"Cord Shorts 18""",100% Cotton Corduroy,300 GSM,,,Regular Fit - 100% Cotton Corduroy,36,31.75,MEN'S SHORTS,6800,
3,5942,Relax Cuffless Track Pants,80% Cotton  20% Recycled Polyester,320 GSM,,,Relaxed Fit - 320 GSM,12,22.75,MEN'S TRACKPANTS,5500,
3,5943,Faded Walk Short,100% Cotton Drill,275 GSM,,,Landing February,36,30.75,MEN'S SHORTS,6800,
3,5980,Canvas Overalls,100% Cotton Duck Canvas,365 GSM,,,Heavy Weight - Duck Canvas,14,47.5,MEN'S OVERALLS,5700,
3,5981,Canvas Coveralls,100% Cotton Duck Canvas,365 GSM,,,Heavy Weight - Duck Canvas,12,51.5,MEN'S OVERALLS,5700,
3,5982,Canvas Pants,100% Cotton Duck Canvas,365 GSM,,,Heavy Weight - Duck Canvas,26,30.5,MEN'S PANTS,6900,
3,5983,"Canvas Shorts 20""",100% Cotton Duck Canvas,365 GSM,,,Heavy Weight - Duck Canvas,34,26.75,MEN'S SHORTS,6800,