customerGroupId,STYLECODE,PRODUCT_NAME,COMPOSITION,FABRIC,SIZE_RANGE,COLOURS_COUNT,SHORT_DESCRIPTION,BOX_QTY,PRICE,BASE_SALE_PRICE,TIER_10_TO_49_PRICE,TIER_50_TO_99_PRICE,TIER_100_PLUS_PRICE,CATEGORY,CATEGORY_SORT,Unnamed: 12,Cost + GST,Times 1.5
3,1100,Stock Cap,80% Acrylic  20% Wool ,,,,High Profile - Flat Peak,72,6.95,14.42,12.98,11.54,10.82,CAPS/HATS,30300,,7.645,11.4675
3,1102,Stock Faded Trucker,100% Cotton Front & Peak  100% Recycled Polyester Mesh Back,,,,High Profile - Flat Peak,72,5.95,12.35,11.12,9.88,9.26,CAPS/HATS,30300,,6.545,9.8175
3,1103,Finn Five Panel Cap,100% Cotton,,,,Low Profile - Flat Peak,72,6.75,14.01,12.61,11.21,10.51,CAPS/HATS,30300,,7.425,11.1375
3,1104,Finn Nylon Cap,100% Recycled Nylon,,,,Low Profile - Flat Tonal Peak,72,6.95,14.42,12.98,11.54,10.82,CAPS/HATS,30300,,7.645,11.4675
3,1105,Finn TwoTone Nylon Cap,100% Recycled Nylon,,,,Low Profile - Contrast Panels,72,6.95,14.42,12.98,11.54,10.82,CAPS/HATS,30300,,7.645,11.4675
3,1106,Stock Flex Cap,97% Cotton  3% Spandex,,,,Flex Fit - Flat Peak,72,6.75,14.01,12.61,11.21,10.51,CAPS/HATS,30300,,7.425,11.1375
3,1107,Cuff Beanie,100% Acrylic,,,,Relaxed Fit,100,6.95,14.42,12.98,11.54,10.82,BEANIES,30500,,7.645,11.4675
3,1107F,Cuff Safety Beanie,100% Acrylic,,,,Mid Weight - Hi Vis,100,6.95,14.42,12.98,11.54,10.82,BEANIES,30500,,7.645,11.4675
3,1108,Stock Trucker Cap,100% Cotton Front & Peak  100% Polyester Mesh Back,,,,High Profile - Flat Peak,72,6.75,14.01,12.61,11.21,10.51,CAPS/HATS,30300,,7.425,11.1375
3,1110,Stock Contrast Trucker,100% Cotton Front & Peak  100% Polyester Mesh Back,,,,High Profile - Flat Peak,72,6.75,14.01,12.61,11.21,10.51,CAPS/HATS,30300,,7.425,11.1375
3,1114,Surf Cap,100% Quick Dry Nylon,,,,Unstructured - Flat Peak,72,6.75,14.01,12.61,11.21,10.51,CAPS/HATS,30300,,7.425,11.1375
3,1114F,Surf Safety Cap,100% Recycled Nylon,,,,Unstructured - Flat Peak,72,6.75,14.01,12.61,11.21,10.51,CAPS/HATS,30300,,7.425,11.1375
3,1115,Knit Beanie,50% Wool  50% Acrylic,,,,Fitted Style,100,9.75,20.24,18.22,16.19,15.18,BEANIES,30500,,10.725,16.0875
3,1117,Bucket Hat,100% Cotton,,,,100% Cotton,48,7.75,16.08,14.47,12.86,12.06,CAPS/HATS,30300,,8.525,12.7875
3,1117C,Camo Bucket Hat,100% Cotton,,,,100% Cotton,48,7.95,16.5,14.85,13.2,12.38,CAPS/HATS,30300,,8.745,13.1175
3,1119,Surf Cotton Cap,100% Cotton Twill,,,,Unstructured - Flat Peak,72,6.75,14.01,12.61,11.21,10.51,CAPS/HATS,30300,,7.425,11.1375
3,1119C,Surf Cotton Camo Cap,55% Cotton  45% Polyester,,,,Unstructured - Flat Peak,72,6.95,14.42,12.98,11.54,10.82,CAPS/HATS,30300,,7.645,11.4675
3,1120,Cable Beanie,100% Acrylic,,,,Fitted - Fisherman Style,100,7.5,15.57,14.01,12.46,11.68,BEANIES,30500,,8.25,12.375
3,1123,Surf Rope Cap,100% Nylon,,,,Unstructured - Flat Peak,72,6.75,14.01,12.61,11.21,10.51,CAPS/HATS,30300,,7.425,11.1375
3,1124,Pom Pom Beanie,100% Recycled Acrylic,,,,Double Layer Knit - 100% Recycled,50,7.5,15.57,14.01,12.46,11.68,BEANIES,30500,,8.25,12.375
3,1125,Gauge Beanie,50% Recycled Wool  50% Recycled Acrylic,,,,Longer Body - 100% Recycled,70,9.75,20.24,18.22,16.19,15.18,BEANIES,30500,,10.725,16.0875
3,1129,Surf Kids Cap,100% Nylon,,,,Unstructured - Flat Foam Peak,72,6.75,14.01,12.61,11.21,10.51,CAPS/HATS,30300,,7.425,11.1375
3,1130,Access Cap,100% Cotton,,,,Low Profile - Curved Peak,72,6.75,14.01,12.61,11.21,10.51,CAPS/HATS,30300,,7.425,11.1375
3,1131,Access Canvas Cap,100% Cotton Canvas,,,,Low Profile - Curved Peak,72,6.75,14.01,12.61,11.21,10.51,CAPS/HATS,30300,,7.425,11.1375
3,1132,Access Five Panel Cap,100% Cotton,,,,Low Profile - Curved Peak,72,6.75,14.01,12.61,11.21,10.51,CAPS/HATS,30300,,7.425,11.1375
3,1133,Access Active Cap,90% Nylon  10% Elastane,,,,Low Profile - Curved Peak,72,8.25,17.12,15.41,13.7,12.84,CAPS/HATS,30300,,9.075,13.6125
3,1134,Access Faded Cap,100% Cotton,,,,Low Profile - Curved Peak,72,7.25,15.05,13.55,12.04,11.29,CAPS/HATS,30300,,7.975,11.9625
3,1135,Access Cord Cap,100% Cotton,,,,Low Profile - Curved Peak,72,6.95,14.42,12.98,11.54,10.82,CAPS/HATS,30300,,7.645,11.4675
3,1138,Wo's Access Cap,100% Cotton,,,,Low Profile - Curved Peak,72,6.75,14.01,12.61,11.21,10.51,CAPS/HATS,30300,,7.425,11.1375
3,1140,Icon Cap,100% Cotton,,,,Mid Profile - Curved Peak,72,6.75,14.01,12.61,11.21,10.51,CAPS/HATS,30300,,7.425,11.1375
3,1141,Icon Trucker Cap,100% Cotton Front & Peak  100% Recycled Polyester Mesh Back,,,,Mid Profile - Curved Peak,72,6.75,14.01,12.61,11.21,10.51,CAPS/HATS,30300,,7.425,11.1375
3,1142,Icon Nylon Cap,100% Quick Dry Recycled Nylon,,,,Mid Profile - Curved Peak,72,6.75,14.01,12.61,11.21,10.51,CAPS/HATS,30300,,7.425,11.1375
3,1143,Icon Flex Cap,97% Cotton  3% Spandex,,,,Flex Fit - Curved Peak,72,6.75,14.01,12.61,11.21,10.51,CAPS/HATS,30300,,7.425,11.1375
3,1149,Icon Kids Cap,100% Cotton,,,,Mid Profile - Curved Peak,72,6.75,14.01,12.61,11.21,10.51,CAPS/HATS,30300,,7.425,11.1375
3,1150,Class Cap,100% Cotton,,,,Mid Profile - Flat Peak,72,6.95,14.42,12.98,11.54,10.82,CAPS/HATS,30300,,7.645,11.4675
3,1151,Class Wool Cap,50% Wool  50% Recycled Polyester,,,,Mid Profile - Flat Peak,72,7.25,15.05,13.55,12.04,11.29,CAPS/HATS,30300,,7.975,11.9625
3,1152,Class Cord Cap,100% Cotton,,,,Mid Profile - Flat Peak,72,7.25,15.05,13.55,12.04,11.29,CAPS/HATS,30300,,7.975,11.9625
3,1153,Class Five Panel Cap,100% Cotton,,,,Mid Profile - Flat Peak,72,6.75,14.01,12.61,11.21,10.51,CAPS/HATS,30300,,7.425,11.1375
3,1154,Class TwoTone Cap,100% Cotton,,,,Mid Profile - Flat Contrast Peak,72,6.95,14.42,12.98,11.54,10.82,CAPS/HATS,30300,,7.645,11.4675
3,1155,Class Performance Cap,100% Recycled Polyester,,,,Mid Profile - Flat Peak,72,6.95,14.42,12.98,11.54,10.82,CAPS/HATS,30300,,7.645,11.4675
3,1156,Class Canvas Cap,100% Cotton Canvas,,,,Unstructured - Flat Peak,72,6.95,14.42,12.98,11.54,10.82,CAPS/HATS,30300,,7.645,11.4675
3,1157,Class Cord Trucker Cap,100% Cotton Front & Peak  100% Recycled Polyester Mesh Back,,,,Mid Profile - Flat Peak,72,6.95,14.42,12.98,11.54,10.82,CAPS/HATS,30300,,7.645,11.4675
3,1158,Class Linen Cap,100% Linen,,,,Mid Profile - Flat Peak,72,7.5,15.57,14.01,12.46,11.68,CAPS/HATS,30300,,8.25,12.375
3,1159,Class Cord TwoTone Cap,100% cotton 16-wale partridge cord,200 GSM,,,Mid Profile - Flat Peak,72,7.25,15.05,13.55,12.04,11.29,CAPS/HATS,30300,,7.975,11.9625
3,1160,Frame Cap,100% Cotton,,,,High Profile - Curved Peak,72,6.75,14.01,12.61,11.21,10.51,CAPS/HATS,30300,,7.425,11.1375
3,1161,Frame Foam Trucker Cap,100% Recycled Polyester,,,,High Profile - Curved Peak,72,6.5,13.49,12.14,10.79,10.12,CAPS/HATS,30300,,7.15,10.725
3,1162,Frame Nylon Cap,100% Recycled Nylon,,,,High Profile - Curved Peak,72,6.75,14.01,12.61,11.21,10.51,CAPS/HATS,30300,,7.425,11.1375
3,1163,Frame Foam TwoTone Trucker,100% Polyester Foam Front & Peak  100% Recycled Polyester Mesh Back,,,,High Profile - Curved Peak,72,6.5,13.49,12.14,10.79,10.12,CAPS/HATS,30300,,7.15,10.725
3,1164,Frame Soft Cap,100% Cotton Twill,,,,High Profile - Curved Peak,72,6.5,13.49,12.14,10.79,10.12,CAPS/HATS,30300,,7.15,10.725
3,1164C,Frame Soft Camo Cap,55% Cotton  45% Polyester,,,,High Profile - Curved Peak,72,6.75,14.01,12.61,11.21,10.51,CAPS/HATS,30300,,7.425,11.1375
3,1165,Frame TwoTone Cap,100% Cotton,,,,High Profile - Curved Peak,72,6.75,14.01,12.61,11.21,10.51,CAPS/HATS,30300,,7.425,11.1375
3,1170,Kids Bucket Hat,100% Cotton,,,,100% Cotton,48,7.75,16.08,14.47,12.86,12.06,CAPS/HATS,30300,,8.525,12.7875
3,1171,Nylon Bucket Hat,100% Recycled Nylon,,,,100% Recycled Nylon,48,8.25,17.12,15.41,13.7,12.84,CAPS/HATS,30300,,9.075,13.6125
3,1172,Wide Brim Bucket Hat,100% Cotton,,,,100% cotton,48,8.25,17.12,15.41,13.7,12.84,CAPS/HATS,30300,,9.075,13.6125
3,1173,Stock Canvas Cap,100% Cotton Canvas,,,,High Profile - Flat Peak,72,6.75,14.01,12.61,11.21,10.51,CAPS/HATS,30300,,7.425,11.1375
3,1174,Nylon Wide Brim Bucket Hat,100% Quick Dry Recycled Nylon,,,,100% Recycled Nylon,48,8.5,17.64,15.88,14.11,13.23,CAPS/HATS,30300,,9.35,14.025
3,1175,Terry Bucket Hat,100% Cotton Terry,,,,100% Cotton Terry,48,7.75,16.08,14.47,12.86,12.06,CAPS/HATS,30300,,8.525,12.7875
3,1176,Cord Bucket Hat,100% Cotton,,,,100% Cotton,48,8.25,17.12,15.41,13.7,12.84,CAPS/HATS,30300,,9.075,13.6125
3,1178,Wo's Bucket Hat,100% Cotton,,,,100% Cotton,48,7.75,16.08,14.47,12.86,12.06,CAPS/HATS,30300,,8.525,12.7875
3,1179,Wo's Brim Bucket Hat,100% Cotton,,,,100% Cotton,48,7.75,16.08,14.47,12.86,12.06,CAPS/HATS,30300,,8.525,12.7875
3,1180,Active Finn Cap,100% Recycled Nylon Body  100% Recycled Polyester Mesh,,,,Low Profile - Flat Peak,72,6.95,14.42,12.98,11.54,10.82,CAPS/HATS,30300,,7.645,11.4675
3,1181,Faded Bucket Hat,100% Cotton Twill,,,,100% Cotton,48,7.75,16.08,14.47,12.86,12.06,CAPS/HATS,30300,,8.525,12.7875
3,1183,Stock Camo Cap,100% Cotton,,,,High Profile - Flat Peak,72,7.25,15.05,13.55,12.04,11.29,CAPS/HATS,30300,,7.975,11.9625
3,1184,Stock 7Panel Cap,100% Cotton,,,,High Profile - Flat Peak,72,6.95,14.42,12.98,11.54,10.82,CAPS/HATS,30300,,7.645,11.4675
3,1185,Class Cord Rope Cap,100% Cotton,,,,Mid Profile - Flat Peak,72,7.75,16.08,14.47,12.86,12.06,CAPS/HATS,30300,,8.525,12.7875
3,1190,Mesh Trucker Cap,Main: 60% Cotton  40% Polyester. Mesh: 100% Recycled Polyester,,,,High Profile - Curved Peak,72,6.5,13.49,12.14,10.79,10.12,CAPS/HATS,30300,,7.15,10.725
3,1191,Mesh Contrast Trucker Cap,Main: 60% Cotton  40% Polyester. Mesh: 100% Recycled Polyester,,,,High Profile - Curved Peak,72,6.5,13.49,12.14,10.79,10.12,CAPS/HATS,30300,,7.15,10.725
3,3001,Organic Infant Wee Tee,100% Organic Cotton Rib,200 GSM,,,Regular Fit - 200 GSM,144,7.75,16.08,14.47,12.86,12.06,KIDS T-SHIRTS,20000,,8.525,12.7875
3,3003,Organic Infant MiniMe OnePiece,100% Organic Cotton Rib,200 GSM,,,Regular Fit - 200 GSM,144,8.5,17.64,15.88,14.11,13.23,KIDS T-SHIRTS,20000,,9.35,14.025
3,3005,Kids Staple Tee,100% Combed Cotton (Marles 15% Viscose),180 GSM,,,Regular Fit - 180 GSM,108,5.95,12.35,11.12,9.88,9.26,KIDS T-SHIRTS,20000,,6.545,9.8175
3,3006,Youth Staple Tee,100% Combed Cotton (Marles 15% Viscose),180 GSM,,,Regular Fit - 180 GSM,108,6.75,14.01,12.61,11.21,10.51,KIDS T-SHIRTS,20000,,7.425,11.1375
3,3007,Kids Staple L/S Tee,100% Combed Cotton (Marles 15% Viscose),180 GSM,,,Regular Fit - 180 GSM,72,7.25,15.05,13.55,12.04,11.29,KIDS LONGSLEEVES,21000,,7.975,11.9625
3,3008,Youth Staple L/S Tee,100% Combed Cotton (Marles 15% Viscose),180 GSM,,,Regular Fit - 180 GSM,72,7.75,16.08,14.47,12.86,12.06,KIDS LONGSLEEVES,21000,,8.525,12.7875
3,3009,Kids Barnard Tank,100% Combed Cotton (Marles 15% Viscose),150 GSM,,,Regular Fit - 150 GSM,108,5.75,11.93,10.74,9.54,8.95,KIDS T-SHIRTS,20000,,6.325,9.4875
3,3010,Youth Barnard Tank,100% Combed Cotton (Marles 15% Viscose),150 GSM,,,Regular Fit - 150 GSM,108,6.25,12.97,11.67,10.38,9.73,KIDS T-SHIRTS,20000,,6.875,10.3125
3,3030,Kids Supply Crew,80% Cotton  20% Polyester Anti-Pill Fleece,290 GSM,,,Regular Fit - 290 GSM,36,11.75,24.39,21.95,19.51,18.29,KIDS SWEATSHIRTS,22000,,12.925,19.3875
3,3031,Youth Supply Crew,80% Cotton  20% Polyester Anti-Pill Fleece,290 GSM,,,Regular Fit - 290 GSM,24,12.75,26.46,23.81,21.17,19.84,KIDS SWEATSHIRTS,22000,,14.025,21.0375
3,3032,Kids Supply Hood,80% Cotton  20% Polyester Anti-Pill Fleece,290 GSM,,,Regular Fit - 290 GSM,24,14.75,30.61,27.55,24.49,22.96,KIDS SWEATSHIRTS,22000,,16.225,24.3375
3,3033,Youth Supply Hood,80% Cotton  20% Polyester Anti-Pill Fleece,290 GSM,,,Regular Fit - 290 GSM,24,15.75,32.69,29.42,26.15,24.52,KIDS SWEATSHIRTS,22000,,17.325,25.9875
3,3034,Kids Relax Crew,80% Cotton  20% Polyester Anti-Pill Fleece,320 GSM,,,Relaxed Fit - 320 GSM,36,15.75,32.69,29.42,26.15,24.52,KIDS SWEATSHIRTS,22000,,17.325,25.9875
3,3035,Youth Relax Crew,80% Cotton  20% Polyester Anti-Pill Fleece,320 GSM,,,Relaxed Fit - 320 GSM,24,19.25,39.95,35.96,31.96,29.96,KIDS SWEATSHIRTS,22000,,21.175,31.7625
3,3036,Kids Relax Hood,80% Cotton  20% Polyester Anti-Pill Fleece,320 GSM,,,Relaxed Fit - 320 GSM,24,19.95,41.41,37.27,33.13,31.06,KIDS SWEATSHIRTS,22000,,21.945,32.9175
3,3037,Youth Relax Hood,80% Cotton  20% Polyester Anti-Pill Fleece,320 GSM,,,Relaxed Fit - 320 GSM,18,22.95,47.63,42.87,38.1,35.72,KIDS SWEATSHIRTS,22000,,25.245,37.8675
3,3038,Kids Relax Zip Hood,80% Cotton  20% Recycled Polyester,320 GSM,,,Relaxed Fit - 320 GSM,24,21.95,45.56,41.0,36.45,34.17,KIDS SWEATSHIRTS,22000,,24.145,36.2175
3,3039,Youth Relax Zip Hood,80% Cotton  20% Recycled Polyester,320 GSM,,,Relaxed Fit - 320 GSM,18,24.95,51.78,46.6,41.42,38.84,KIDS SWEATSHIRTS,22000,,27.445,41.1675
3,3060,Kids Classic Tee,100% Combed Cotton (Marles 15% Viscose),220 GSM,,,Regular Fit - 220 GSM,96,6.75,14.01,12.61,11.21,10.51,KIDS T-SHIRTS,20000,,7.425,11.1375
3,3061,Youth Classic Tee,100% Combed Cotton (Marles 15% Viscose),220 GSM,,,Regular Fit - 220 GSM,72,8.75,18.16,16.34,14.53,13.62,KIDS T-SHIRTS,20000,,9.625,14.4375
3,3062,Kids Classic L/S Tee,100% Combed Cotton (Marles 15% Viscose),220 GSM,,,Regular Fit - 220 GSM,66,7.75,16.08,14.47,12.86,12.06,KIDS LONGSLEEVES,21000,,8.525,12.7875
3,3063,Youth Classic L/S Tee,100% Combed Cotton (Marles 15% Viscose),220 GSM,,,Regular Fit - 220 GSM,54,9.75,20.24,18.22,16.19,15.18,KIDS LONGSLEEVES,21000,,10.725,16.0875
3,3070,Kids Heavy Faded Tee,100% Carded Cotton,240 GSM,,,Relaxed Fit - 240 GSM,108,8.75,18.16,16.34,14.53,13.62,KIDS T-SHIRTS,20000,,9.625,14.4375
3,3071,Youth Heavy Faded Tee,100% Carded Cotton,240 GSM,,,Relaxed Fit - 240 GSM,90,10.75,22.31,20.08,17.85,16.73,KIDS T-SHIRTS,20000,,11.825,17.7375
3,4001,Wo's Maple Tee,100% Combed Cotton (Marles 15% Viscose),180 GSM,,,Regular Fit - 180 GSM,96,7.95,16.5,14.85,13.2,12.38,WOMEN'S T-SHIRTS,7000,,8.745,13.1175
3,4001A,Wo's Maple Active Tee,100% Recycled Polyester,150 GSM,,,Regular Fit - 180 GSM,96,12.95,26.88,24.19,21.5,20.16,WOMEN'S T-SHIRTS,7000,,14.245,21.3675
3,4001G,Wo's Maple Organic Tee,100% Organic Combed Cotton,180 GSM,,,Regular Fit - 180 GSM,96,8.25,17.12,15.41,13.7,12.84,WOMEN'S T-SHIRTS,7000,,9.075,13.6125
3,4001M,Wo's Maple Marle Tee,80% Combed Cotton  20% Polyester,180 GSM,,,Regular Fit - 180 GSM,96,7.95,16.5,14.85,13.2,12.38,WOMEN'S T-SHIRTS,7000,,8.745,13.1175
3,4006,Wo's Martina Tee,100% Combed Cotton,180 GSM,,,Relaxed Fit - 180 GSM,72,7.75,16.08,14.47,12.86,12.06,WOMEN'S T-SHIRTS,7000,,8.525,12.7875
3,4008,Wo's Mali Tee,100% Combed Cotton (Marles 15% Viscose),150 GSM,,,Regular Fit - 150 GSM,96,7.5,15.57,14.01,12.46,11.68,WOMEN'S T-SHIRTS,7000,,8.25,12.375
3,4009,Wo's Mali L/S Tee,100% Combed Cotton (Marles 15% Viscose),150 GSM,,,Scoop Neck - 150 GSM,72,9.5,19.72,17.75,15.78,14.79,WOMEN'S LONGSLEEVES,8000,,10.45,15.675
3,4011,Wo's Shallow Scoop Tee,100% Combed Cotton (Marles 15% Viscose),150 GSM,,,Regular Fit - 150 GSM,96,7.25,15.05,13.55,12.04,11.29,WOMEN'S T-SHIRTS,7000,,7.975,11.9625
3,4019,Wo's Maple Scoop Tee,100% Combed Cotton (Marles 15% Viscose),180 GSM,,,Regular Fit - 180 GSM,84,7.95,16.5,14.85,13.2,12.38,WOMEN'S T-SHIRTS,7000,,8.745,13.1175
3,4020,Wo's Maple L/S Tee,100% Combed Cotton (Marles 15% Viscose),180 GSM,,,Regular Fit - 180 GSM,72,10.25,21.27,19.14,17.02,15.95,WOMEN'S LONGSLEEVES,8000,,11.275,16.9125
3,4020A,Wo's Maple Active L/S Tee,100% Recycled Polyester,150 GSM,,,Regular Fit - 180 GSM,72,14.75,30.61,27.55,24.49,22.96,WOMEN'S LONGSLEEVES,8000,,16.225,24.3375
3,4021,Wo's Maple Curve L/S Tee,100% Combed Cotton (Marles 15% Viscose),180 GSM,,,Regular Fit - 180 GSM,72,10.5,21.79,19.61,17.43,16.34,WOMEN'S LONGSLEEVES,8000,,11.55,17.325
3,4023,Wo's Maple V Neck Tee,100% Combed Cotton (Marles 15% Viscose),180 GSM,,,Regular Fit - 180 GSM,84,9.25,19.2,17.28,15.36,14.4,WOMEN'S T-SHIRTS,7000,,10.175,15.2625
3,4024,Wo's Maple Curve Tee,100% Combed Cotton (Marles 15% Viscose),180 GSM,,,Regular Fit - 180 GSM,84,7.95,16.5,14.85,13.2,12.38,WOMEN'S T-SHIRTS,7000,,8.745,13.1175
3,4025,Wo's Maple Minus Tee [8cm],100% Combed Cotton (Marles 15% Viscose),180 GSM,,,8cm Shorter - 180 GSM,84,7.95,16.5,14.85,13.2,12.38,WOMEN'S T-SHIRTS,7000,,8.745,13.1175
3,4026,Wo's Classic Tee,100% Combed Cotton,220 GSM,,,Regular Fit - 220 GSM,66,10.5,21.79,19.61,17.43,16.34,WOMEN'S T-SHIRTS,7000,,11.55,17.325
3,4027,Wo's Fine Stripe L/S Tee,100% Cotton,130 GSM,,,Crew Neck - Light Weight,66,11.25,23.35,21.02,18.68,17.51,WOMEN'S T-SHIRTS,7000,,12.375,18.5625
3,4030,Wo's Box Tee,100% Carded Cotton,240 GSM,,,Landing February,66,11.75,24.39,21.95,19.51,18.29,WOMEN'S T-SHIRTS,7000,,12.925,19.3875
3,4036,Wo's Faded Organic Rib Tee,95% Organic Cotton  5% Elastane,220 GSM,,,Slim Fit - 330 GSM,54,18.25,37.88,34.09,30.3,28.41,WOMEN'S T-SHIRTS,7000,,20.075,30.1125
3,4037,Wo's Maple Stripe Tee,100% Combed Cotton,150 GSM,,,Regular Fit - 150 GSM,96,8.95,18.58,16.72,14.86,13.93,WOMEN'S T-SHIRTS,7000,,9.845,14.7675
3,4051,Wo's Basic Tee,100% Cotton (Marles 15% Polyester),160 GSM,,,Regular Fit - 160 GSM,96,6.25,12.97,11.67,10.38,9.73,WOMEN'S T-SHIRTS,7000,,6.875,10.3125
3,4053,Wo's Maple Ringer Tee,100% Combed Cotton,180 GSM,,,Regular Fit - 180 GSM,96,8.5,17.64,15.88,14.11,13.23,WOMEN'S T-SHIRTS,7000,,9.35,14.025
3,4056,Wo's Dice L/S Tee,100% Carded Cotton (Marles 15% Viscose),200 GSM,,,Regular Fit - 200 GSM,54,9.5,19.72,17.75,15.78,14.79,WOMEN'S LONGSLEEVES,8000,,10.45,15.675
3,4061,Wo's Bowery Stripe L/S Tee,100% Combed Cotton,160 GSM,,,Regular Fit - Boat Neck,66,10.5,21.79,19.61,17.43,16.34,WOMEN'S LONGSLEEVES,8000,,11.55,17.325
3,4062,Wo's Crop Tee,100% Combed Cotton (Heathers 15% Viscose),180 GSM,,,Relaxed Fit - 180 GSM,108,7.25,15.05,13.55,12.04,11.29,WOMEN'S T-SHIRTS,7000,,7.975,11.9625
3,4062F,Wo's Faded Crop Tee,100% Combed Cotton,180 GSM,,,Relaxed Fit - 180 GSM,108,10.25,21.27,19.14,17.02,15.95,WOMEN'S T-SHIRTS,7000,,11.275,16.9125
3,4065,Wo's Maple Faded Tee,100% Combed Cotton,180 GSM,,,Regular Fit - 180 GSM,96,11.75,24.39,21.95,19.51,18.29,WOMEN'S T-SHIRTS,7000,,12.925,19.3875
3,4070,Wo's Mock L/S Tee,100% Combed Cotton,180 GSM,,,Relaxed Fit - Mid Weight,72,9.75,20.24,18.22,16.19,15.18,WOMEN'S LONGSLEEVES,8000,,10.725,16.0875
3,4071,Wo's Martina L/S Tee,100% Combed Cotton,180 GSM,,,Relaxed Fit - 180 GSM,66,9.95,20.65,18.58,16.52,15.49,WOMEN'S LONGSLEEVES,8000,,10.945,16.4175
3,4072,Wo's Classic Crop Tee,100% Combed Cotton (Marles 15% Viscose),220 GSM,,,Regular Fit - 220 GSM,72,10.25,21.27,19.14,17.02,15.95,WOMEN'S T-SHIRTS,7000,,11.275,16.9125
3,4073,Wo's Classic L/S Tee,100% Combed Cotton (Marles 15% Viscose),220 GSM,,,Regular Fit - 220 GSM,54,13.5,28.02,25.22,22.42,21.02,WOMEN'S LONGSLEEVES,8000,,14.85,22.275
3,4074,Wo's Organic Rib Baby Tee,100% Organic Cotton Rib,200 GSM,,,Slim Fit - 200 GSM,72,12.75,26.46,23.81,21.17,19.84,WOMEN'S T-SHIRTS,7000,,14.025,21.0375
3,4075,Wo's Organic Rib L/S Tee,100% Organic Cotton Rib,200 GSM,,,Slim Fit - 200 GSM,66,15.95,33.1,29.79,26.48,24.83,WOMEN'S LONGSLEEVES,8000,,17.545,26.3175
3,4079,Wo's Classic Minus Tee [5cm],100% Combed Cotton,220 GSM,,,5cm Shorter - 220 GSM,66,10.5,21.79,19.61,17.43,16.34,WOMEN'S T-SHIRTS,7000,,11.55,17.325
3,4080,Wo's Heavy Tee,100% Carded Cotton,280 GSM,,,Relaxed Fit - 280 GSM,66,12.5,25.94,23.35,20.75,19.46,WOMEN'S T-SHIRTS,7000,,13.75,20.625
3,4082,Wo's Heavy Faded Tee,100% Carded Cotton,240 GSM,,,Relaxed Fit - 240 GSM,66,12.5,25.94,23.35,20.75,19.46,WOMEN'S T-SHIRTS,7000,,13.75,20.625
3,4083,Wo's Heavy Faded L/S Tee,100% Carded Cotton,240 GSM,,,Relaxed Fit - 240 GSM,48,16.25,33.73,30.36,26.98,25.3,WOMEN'S LONGSLEEVES,8000,,17.875,26.8125
3,4085,Wo's Stone Wash Heavy Tee,100% Carded Cotton,220 GSM,,,Relaxed Fit - 220 GSM,66,13.75,28.54,25.69,22.83,21.4,WOMEN'S T-SHIRTS,7000,,15.125,22.6875
3,4086,Wo's Stone Wash Heavy Crop Tee,100% Carded Cotton,220 GSM,,,Relaxed Fit - 220 GSM,84,13.25,27.5,24.75,22.0,20.62,WOMEN'S T-SHIRTS,7000,,14.575,21.8625
3,4089,Wo's Heavy Faded Crop Tee,100% Carded Cotton,240 GSM,,,Relaxed Fit - 240 GSM,84,12.5,25.94,23.35,20.75,19.46,WOMEN'S T-SHIRTS,7000,,13.75,20.625
3,4092G,Wo's Organic Rib Tee,95% Organic Cotton  5% Elastane,330 GSM,,,Slim Fit - 330 GSM,48,15.75,32.69,29.42,26.15,24.52,WOMEN'S T-SHIRTS,7000,,17.325,25.9875
3,4093,Wo's Martina Crop Tee,100% Combed Cotton,180 GSM,,,Relaxed Fit - 180 GSM,84,7.75,16.08,14.47,12.86,12.06,WOMEN'S T-SHIRTS,7000,,8.525,12.7875
3,4094,Wo's Martina Boyfriend Tee,100% Combed Cotton,180 GSM,,,Relaxed Fit - 180 GSM,66,9.75,20.24,18.22,16.19,15.18,WOMEN'S T-SHIRTS,7000,,10.725,16.0875
3,4095,Wo's Martina V Neck Tee,100% Combed Cotton,180 GSM,,,Relaxed Fit - 180 GSM,72,8.75,18.16,16.34,14.53,13.62,WOMEN'S T-SHIRTS,7000,,9.625,14.4375
3,4100,Wo's Supply Crew,80% Cotton  20% Polyester Anti-Pill Fleece,290 GSM,,,Regular Fit - 290 GSM,18,18.5,38.4,34.56,30.72,28.8,WOMEN'S CREW FLEECE,8250,,20.35,30.525
3,4101,Wo's Supply Hood,80% Cotton  20% Polyester Anti-Pill Fleece,290 GSM,,,Regular Fit - 290 GSM,12,19.5,40.47,36.42,32.38,30.35,WOMEN'S HOODED FLEECE,8200,,21.45,32.175
3,4102,Wo's Stencil Hood,80% Cotton  20% Recycled Polyester Anti-Pill Fleece,350 GSM,,,Regular Fit - 350 GSM,12,29.5,61.23,55.11,48.98,45.92,WOMEN'S HOODED FLEECE,8200,,32.45,48.675
3,4125,Wo's Stencil Half Zip Crew,80% Cotton  20% Polyester Anti-Pill Fleece,350 GSM,,,Regular Fit - 350 GSM,18,26.5,55.0,49.5,44.0,41.25,WOMEN'S ZIP FLEECE,8255,,29.15,43.725
3,4145,Wo's Heavy Crew,CVC Fleece  80% Cotton  20% Polyester,400 GSM,,,Oversized Fit - 400 GSM,12,28.95,60.08,54.07,48.06,45.06,WOMEN'S CREW FLEECE,8250,,31.845,47.7675
3,4146,Wo's Heavy Hood,CVC Fleece  80% Cotton  20% Polyester,400 GSM,,,Oversized Fit - 400 GSM,12,31.5,65.38,58.84,52.3,49.04,WOMEN'S HOODED FLEECE,8200,,34.65,51.975
3,4160,Wo's Relax Crew,80% Cotton  20% Recycled Polyester Anti-Pill Fleece,320 GSM,,,Relaxed Fit - 320 GSM,18,21.95,45.56,41.0,36.45,34.17,WOMEN'S CREW FLEECE,8250,,24.145,36.2175
3,4161,Wo's Relax Hood,80% Cotton  20% Recycled Polyester Anti-Pill Fleece,320 GSM,,,Relaxed Fit - 320 GSM,10,25.95,53.86,48.47,43.09,40.39,WOMEN'S HOODED FLEECE,8200,,28.545,42.8175
3,4162,Wo's Relax Zip Hood,80% Cotton  20% Recycled Polyester Anti-Pill Fleece,320 GSM,,,Relaxed Fit - 320 GSM,10,29.95,62.16,55.94,49.73,46.62,WOMEN'S ZIP FLEECE,8255,,32.945,49.4175
3,4164,Wo's Relax Half Zip Hood,80% Cotton  20% Recycled Polyester Anti-Pill Fleece,320 GSM,,,Relaxed Fit - 320 GSM,10,27.95,58.01,52.21,46.41,43.51,WOMEN'S ZIP FLEECE,8255,,30.745,46.1175
3,4165,Wo's Relax Faded Crew,80% Cotton  20% Recycled Polyester Fleece,320 GSM,,,Relaxed Fit - 320 GSM,18,22.95,47.63,42.87,38.1,35.72,WOMEN'S CREW FLEECE,8250,,25.245,37.8675
3,4166,Wo's Relax Faded Hood,80% Cotton  20% Recycled Polyester Fleece,320 GSM,,,Relaxed Fit - 320 GSM,10,26.95,55.93,50.34,44.74,41.95,WOMEN'S HOODED FLEECE,8200,,29.645,44.4675
3,4167,Wo's Relax Faded Half Zip,80% Cotton  20% Recycled Polyester Fleece,320 GSM,,,Relaxed Fit - 320 GSM,18,27.95,58.01,52.21,46.41,43.51,WOMEN'S ZIP FLEECE,8255,,30.745,46.1175
3,4168,Wo's Relax Crop Hood,80% Cotton  20% Recycled Polyester Fleece,320 GSM,,,Relaxed Fit - 320 GSM,15,23.95,49.71,44.74,39.77,37.28,WOMEN'S HOODED FLEECE,8200,,26.345,39.5175
3,4169,Wo's Relax Crop Crew,80% Cotton  20% Recycled Polyester Fleece,320 GSM,,,Relaxed Fit - 320 GSM,24,21.95,45.56,41.0,36.45,34.17,WOMEN'S CREW FLEECE,8250,,24.145,36.2175
3,4170,Wo's Relax Faded Zip Hood,80% Cotton  20% Recycled Polyester Fleece,320 GSM,,,Relaxed Fit - 320 GSM,12,30.95,64.24,57.82,51.39,48.18,WOMEN'S ZIP FLEECE,8255,,34.045,51.0675
3,4171,Wo's Box Hood,80% Cotton  20% Recycled Polyester Fleece,350 GSM,,,Relaxed Fit - 350 GSM,12,29.5,61.23,55.11,48.98,45.92,WOMEN'S HOODED FLEECE,8200,,32.45,48.675
3,4402,Wo's Amy Polo,100% Combed Cotton (Marles 15% Viscose),180 GSM,,,Mid Weight,60,11.25,23.35,21.02,18.68,17.51,WOMEN'S POLO,11900,,12.375,18.5625
3,4411,Wo's Pique Polo,100% Cotton (Marles 15% Polyester),240 GSM,,,Slim Fit - Heavy Weight,60,11.25,23.35,21.02,18.68,17.51,WOMEN'S POLO,11900,,12.375,18.5625
3,4425,Wo's Active Work Polo,100% Recycled Polyester,185 GSM,,,Slim Fit - 185 GSM,72,18.5,38.4,34.56,30.72,28.8,WOMEN'S POLO,11900,,20.35,30.525
3,5001,Staple Tee,100% Combed Cotton (Marles 15% Viscose),180 GSM,,,Regular Fit - 180 GSM,72,7.95,16.5,14.85,13.2,12.38,MEN'S T-SHIRTS,1000,,8.745,13.1175
3,5001,Staple Tee (4XL),100% Combed Cotton (Marles 15% Viscose),180 GSM,,,Regular Fit - 180 GSM,48,9.5,19.72,17.75,15.78,14.79,MEN'S T-SHIRTS,1000,,10.45,15.675
3,5001,Staple Tee (5XL),100% Combed Cotton (Marles 15% Viscose),180 GSM,,,Regular Fit - 180 GSM,48,9.5,19.72,17.75,15.78,14.79,MEN'S T-SHIRTS,1000,,10.45,15.675
3,5001A,Staple Active Tee,100% Recycled Polyester,150 GSM,,,Regular FIt - 180 GSM,72,13.25,27.5,24.75,22.0,20.62,MEN'S T-SHIRTS,1000,,14.575,21.8625
3,5001C,Staple Camo Tee,100% Cotton,180 GSM,,,Regular Fit - 180 GSM,72,10.95,22.73,20.46,18.18,17.05,MEN'S T-SHIRTS,1000,,12.045,18.0675
3,5001G,Staple Organic Tee,100% Combed Organic Cotton (Marles 15% Viscose),180 GSM,,,Regular Fit - 180 GSM,72,8.25,17.12,15.41,13.7,12.84,MEN'S T-SHIRTS,1000,,9.075,13.6125
3,5001M,Staple Marle Tee,80% Cotton  20% Polyester,180 GSM,,,Regular Fit - 180 GSM,72,8.25,17.12,15.41,13.7,12.84,MEN'S T-SHIRTS,1000,,9.075,13.6125
3,5001R,Staple Raglan Tee,100% Combed Cotton (Marles 15% Viscose),180 GSM,,,Regular Fit - 180 GSM,72,8.75,18.16,16.34,14.53,13.62,MEN'S T-SHIRTS,1000,,9.625,14.4375
3,5001V,Staple V Neck Tee,100% Combed Cotton,180 GSM,,,Regular Fit - 180 GSM,72,8.25,17.12,15.41,13.7,12.84,MEN'S T-SHIRTS,1000,,9.075,13.6125
3,5005,Organic Tee,100% Organic Combed Cotton (Marles 15% Viscose),150 GSM,,,Slim Fit - 150 GSM,72,8.5,17.64,15.88,14.11,13.23,MEN'S T-SHIRTS,1000,,9.35,14.025
3,5012,Raglan Tee,100% Combed Cotton (Marles 15% Viscose),150 GSM,,,Regular Fit - 150 GSM,72,9.95,20.65,18.58,16.52,15.49,MEN'S T-SHIRTS,1000,,10.945,16.4175
3,5013,Tall Tee,100% Combed Cotton (Marles 15% Viscose),180 GSM,,,Extra Long Length - 180 GSM,72,9.25,19.2,17.28,15.36,14.4,MEN'S T-SHIRTS,1000,,10.175,15.2625
3,5020,Staple L/S Tee,100% Combed Cotton (Marles 15% Viscose),180 GSM,,,Regular Fit - 180 GSM,54,10.95,22.73,20.46,18.18,17.05,MEN'S LONGSLEEVES,2500,,12.045,18.0675
3,5020,Staple L/S Tee (4XL),100% Combed Cotton (Marles 15% Viscose),180 GSM,,,Regular Fit - 180 GSM,48,12.95,26.88,24.19,21.5,20.16,MEN'S LONGSLEEVES,2500,,14.245,21.3675
3,5020,Staple L/S Tee (5XL),100% Combed Cotton (Marles 15% Viscose),180 GSM,,,Regular Fit - 180 GSM,48,12.95,26.88,24.19,21.5,20.16,MEN'S LONGSLEEVES,2500,,14.245,21.3675
3,5020A,Staple Active L/S Tee,100% Recycled Polyester,180 GSM,,,Regular Fit - 180 GSM,48,15.25,31.65,28.48,25.32,23.74,MEN'S LONGSLEEVES,2500,,16.775,25.1625
3,5020G,Staple Organic L/S Tee,100% Organic Combed Cotton (Marles 15% Viscose),180 GSM,,,Regular Fit - 180 GSM,54,10.95,22.73,20.46,18.18,17.05,MEN'S LONGSLEEVES,2500,,12.045,18.0675
3,5026,Classic Tee,100% Combed Cotton (Marles 15% Viscose),220 GSM,,,Regular Fit - 220 GSM,60,10.5,21.79,19.61,17.43,16.34,MEN'S T-SHIRTS,1000,,11.55,17.325
3,5026,Classic Tee (4XL),100% Combed Cotton (Marles 15% Viscose),220 GSM,,,Regular Fit - 220 GSM,36,12.5,25.94,23.35,20.75,19.46,MEN'S T-SHIRTS,1000,,13.75,20.625
3,5026,Classic Tee (5XL),100% Combed Cotton (Marles 15% Viscose),220 GSM,,,Regular Fit - 220 GSM,36,12.5,25.94,23.35,20.75,19.46,MEN'S T-SHIRTS,1000,,13.75,20.625
3,5026G,Classic Organic Tee,100% Organic Combed Cotton,220 GSM,,,Regular Fit - 220 GSM,60,11.95,24.8,22.32,19.84,18.6,MEN'S T-SHIRTS,1000,,13.145,19.7175
3,5027,Classic Pocket Tee,100% Combed Cotton (Marles 15% Viscose),220 GSM,,,Regular Fit - 220 GSM,60,10.75,22.31,20.08,17.85,16.73,MEN'S T-SHIRTS,1000,,11.825,17.7375
3,5028,Staple Stripe Tee,100% Combed Cotton (Marles 15% Polyester),160 GSM,,,Regular Fit - 160 GSM,72,10.75,22.31,20.08,17.85,16.73,MEN'S T-SHIRTS,1000,,11.825,17.7375
3,5029,Base L/S Tee,100% Carded Cotton (Marles 15% Viscose),200 GSM,,,Cuffed Sleeves - Heavy Weight,54,10.5,21.79,19.61,17.43,16.34,MEN'S LONGSLEEVES,2500,,11.55,17.325
3,5029G,Base Organic L/S Tee,100% Organic Combed Cotton,180 GSM,,,Regular Fit - 180 GSM,54,10.95,22.73,20.46,18.18,17.05,MEN'S LONGSLEEVES,2500,,12.045,18.0675
3,5030,Box Tee,100% Combed Cotton,240 GSM,,,Relaxed Fit - 240 GSM,48,11.75,24.39,21.95,19.51,18.29,MEN'S T-SHIRTS,1000,,12.925,19.3875
3,5031,Box L/S Tee,100% Combed Cotton,240 GSM,,,Landing March,36,11.75,24.39,21.95,19.51,18.29,MEN'S LONGSLEEVES,2500,,12.925,19.3875
3,5040,Staple Stone Wash Tee,100% Combed Cotton,140 GSM,,,Regular Fit - 140 GSM,72,12.25,25.42,22.88,20.34,19.07,MEN'S T-SHIRTS,1000,,13.475,20.2125
3,5044,Classic Stripe Tee,100% Combed Cotton,200 GSM,,,Regular Fit - 200 GSM,72,10.95,22.73,20.46,18.18,17.05,MEN'S T-SHIRTS,1000,,12.045,18.0675
3,5045,Wide Stripe Tee,100% Combed Cotton,220 GSM,,,Crew Neck - Heavy Weight,72,10.95,22.73,20.46,18.18,17.05,MEN'S T-SHIRTS,1000,,12.045,18.0675
3,5046,Classic Quad Stripe Tee,100% Combed Cotton,200 GSM,,,Regular Fit - 200 GSM,60,10.95,22.73,20.46,18.18,17.05,MEN'S T-SHIRTS,1000,,12.045,18.0675
3,5050F,Block Safety Tee,65% Polyester  35% Cotton,200 GSM,,,Certified for Hi-Viz - 200 GSM,72,9.75,20.24,18.22,16.19,15.18,MEN'S T-SHIRTS,1000,,10.725,16.0875
3,5050F,Block Safety Tee (4XL),65% Polyester  35% Cotton,200 GSM,,,Certified for Hi-Viz - 200 GSM,48,11.25,23.35,21.02,18.68,17.51,MEN'S T-SHIRTS,1000,,12.375,18.5625
3,5050F,Block Safety Tee (5XL),65% Polyester  35% Cotton,200 GSM,,,Certified for Hi-Viz - 200 GSM,48,11.25,23.35,21.02,18.68,17.51,MEN'S T-SHIRTS,1000,,12.375,18.5625
3,5050T,Block Tubular Tee,100% Carded Cotton (Marles 15% Viscose),200 GSM,,,Regular Fit - 200 GSM,72,5.25,10.9,9.81,8.72,8.18,MEN'S T-SHIRTS,1000,,5.775,8.6625
3,5050T,Block Tubular Tee (4XL),100% Carded Cotton (Marles 15% Viscose),200 GSM,,,Regular Fit - 200 GSM,36,6.75,14.01,12.61,11.21,10.51,MEN'S T-SHIRTS,1000,,7.425,11.1375
3,5050T,Block Tubular Tee (5XL),100% Carded Cotton (Marles 15% Viscose),200 GSM,,,Regular Fit - 200 GSM,36,6.75,14.01,12.61,11.21,10.51,MEN'S T-SHIRTS,1000,,7.425,11.1375
3,5051,Basic Tee,100% Carded Cotton (Marles 15% Viscose),160 GSM,,,Regular Fit - 160 GSM,72,6.25,12.97,11.67,10.38,9.73,MEN'S T-SHIRTS,1000,,6.875,10.3125
3,5051,Basic Tee (4XL),100% Carded Cotton (Marles 15% Viscose),160 GSM,,,Regular Fit - 160 GSM,60,7.75,16.08,14.47,12.86,12.06,MEN'S T-SHIRTS,1000,,8.525,12.7875
3,5051,Basic Tee (5XL),100% Carded Cotton (Marles 15% Viscose),160 GSM,,,Regular Fit - 160 GSM,60,7.75,16.08,14.47,12.86,12.06,MEN'S T-SHIRTS,1000,,8.525,12.7875
3,5052,Block Oversized Tee,100% Carded Cotton (Marles 15% Viscose),200 GSM,,,Oversized Fit - 200 GSM,42,6.75,14.01,12.61,11.21,10.51,MEN'S T-SHIRTS,1000,,7.425,11.1375
3,5053,Staple Ringer Tee,100% Combed Cotton,180 GSM,,,Regular Fit - 180 GSM,72,8.75,18.16,16.34,14.53,13.62,MEN'S T-SHIRTS,1000,,9.625,14.4375
3,5054,Block L/S Tee,100% Carded Cotton,200 GSM,,,Regular Fit - 200 GSM,54,7.95,16.5,14.85,13.2,12.38,MEN'S LONGSLEEVES,2500,,8.745,13.1175
3,5054F,Block Safety L/S Tee,100% Carded Cotton,200 GSM,,,Certified for Hi-Viz - 200 GSM,54,12.5,25.94,23.35,20.75,19.46,MEN'S LONGSLEEVES,2500,,13.75,20.625
3,5056,General L/S Tee,100% Carded Cotton (Marles 15% Viscose),200 GSM,,,Relaxed Fit - 200 GSM,54,9.75,20.24,18.22,16.19,15.18,MEN'S LONGSLEEVES,2500,,10.725,16.0875
3,5065,Staple Faded Tee,100% Combed Cotton,180 GSM,,,Regular Fit - 180 GSM,72,12.25,25.42,22.88,20.34,19.07,MEN'S T-SHIRTS,1000,,13.475,20.2125
3,5069,Classic Oversized Tee,100% Combed Cotton (Marles 15% Viscose),220 GSM,,,Oversized - 220 GSM,42,10.95,22.73,20.46,18.18,17.05,MEN'S T-SHIRTS,1000,,12.045,18.0675
3,5070,Classic Plus Tee [+5cm],100% Combed Cotton (Marles 15% Viscose),220 GSM,,,5cm Longer - 220 GSM,60,10.95,22.73,20.46,18.18,17.05,MEN'S T-SHIRTS,1000,,12.045,18.0675
3,5071,Classic L/S Tee,100% Combed Cotton (Marles 15% Viscose),220 GSM,,,Regular Fit - 220 GSM,54,13.95,28.95,26.06,23.16,21.71,MEN'S LONGSLEEVES,2500,,15.345,23.0175
3,5071,Classic L/S Tee (4XL),100% Combed Cotton (Marles 15% Viscose),220 GSM,,,Regular Fit - 220 GSM,36,15.95,33.1,29.79,26.48,24.83,MEN'S LONGSLEEVES,2500,,17.545,26.3175
3,5071,Classic L/S Tee (5XL),100% Combed Cotton (Marles 15% Viscose),220 GSM,,,Regular Fit - 220 GSM,36,15.95,33.1,29.79,26.48,24.83,MEN'S LONGSLEEVES,2500,,17.545,26.3175
3,5072,Classic Pocket L/S Tee,100% Combed Cotton,220 GSM,,,Regular Fit - 220 GSM,54,14.5,30.09,27.08,24.07,22.57,MEN'S LONGSLEEVES,2500,,15.95,23.925
3,5074,Staple Minus Tee [5cm],100% Combed Cotton,180 GSM,,,5cm Shorter - 180 GSM,72,7.95,16.5,14.85,13.2,12.38,MEN'S T-SHIRTS,1000,,8.745,13.1175
3,5075,Staple Plus Tee [+5cm],100% Combed Cotton,180 GSM,,,5cm Longer - 180 GSM,72,8.75,18.16,16.34,14.53,13.62,MEN'S T-SHIRTS,1000,,9.625,14.4375
3,5076,Staple Curve Tee,100% Combed Cotton,180 GSM,,,Regular Fit - 180 GSM,72,8.25,17.12,15.41,13.7,12.84,MEN'S T-SHIRTS,1000,,9.075,13.6125
3,5077,Staple Recycled Tee,20% Recycled Polyester  80% Recycled Cotton,200 GSM,,,100% Recycled - 200 GSM,72,8.95,18.58,16.72,14.86,13.93,MEN'S T-SHIRTS,1000,,9.845,14.7675
3,5079,Classic Minus Tee [5cm],100% Combed Cotton,220 GSM,,,5cm Shorter - 220 GSM,60,10.5,21.79,19.61,17.43,16.34,MEN'S T-SHIRTS,1000,,11.55,17.325
3,5080,Heavy Tee,100% Carded Cotton (Marles 15% Viscose),280 GSM,,,Relaxed Fit - 280 GSM,48,12.5,25.94,23.35,20.75,19.46,MEN'S T-SHIRTS,1000,,13.75,20.625
3,5080,Heavy Tee (4XL),100% Carded Cotton (Marles 15% Viscose),280 GSM,,,Relaxed Fit - 280 GSM,36,14.5,30.09,27.08,24.07,22.57,MEN'S T-SHIRTS,1000,,15.95,23.925
3,5080,Heavy Tee (5XL),100% Carded Cotton (Marles 15% Viscose),280 GSM,,,Relaxed Fit - 280 GSM,36,14.5,30.09,27.08,24.07,22.57,MEN'S T-SHIRTS,1000,,15.95,23.925
3,5081,Heavy L/S Tee,100% Carded Cotton (Marles 15% Viscose),280 GSM,,,Relaxed Fit - 280 GSM,42,15.95,33.1,29.79,26.48,24.83,MEN'S LONGSLEEVES,2500,,17.545,26.3175
3,5082,Heavy Faded Tee,100% Carded Cotton,240 GSM,,,Relaxed Fit - 240 GSM,48,12.5,25.94,23.35,20.75,19.46,MEN'S T-SHIRTS,1000,,13.75,20.625
3,5083,Heavy Faded L/S Tee,100% Carded Cotton,240 GSM,,,Relaxed Fit - 240 GSM,42,15.95,33.1,29.79,26.48,24.83,MEN'S LONGSLEEVES,2500,,17.545,26.3175
3,5085,Stone Wash Heavy Tee,100% Cotton,220 GSM,,,Relaxed Fit - 220gsm,48,13.5,28.02,25.22,22.42,21.02,MEN'S T-SHIRTS,1000,,14.85,22.275
3,5086,Heavy Faded Minus Tee [5cm],100% Carded Cotton,240 GSM,,,5cm Shorter - 240 GSM,48,12.5,25.94,23.35,20.75,19.46,MEN'S T-SHIRTS,1000,,13.75,20.625
3,5100,Supply Crew,80% Cotton  20% Polyester,290 GSM,,,Regular Fit - 290 GSM,18,18.5,38.4,34.56,30.72,28.8,MEN'S CREW FLEECE,5300,,20.35,30.525
3,5100,Supply Crew (4XL),80% Cotton  20% Polyester,290 GSM,,,Regular Fit - 290 GSM,12,21.5,44.62,40.16,35.7,33.46,MEN'S CREW FLEECE,5300,,23.65,35.475
3,5100,Supply Crew (5XL),80% Cotton  20% Polyester,290 GSM,,,Regular Fit - 290 GSM,12,21.5,44.62,40.16,35.7,33.46,MEN'S CREW FLEECE,5300,,23.65,35.475
3,5101,Supply Hood,80% Cotton  20% Polyester,290 GSM,,,Regular Fit - 290 GSM,12,19.5,40.47,36.42,32.38,30.35,MEN'S HOODED FLEECE,5200,,21.45,32.175
3,5101,Supply Hood (4XL),80% Cotton  20% Polyester,290 GSM,,,Regular Fit - 290 GSM,12,23.5,48.77,43.89,39.02,36.58,MEN'S HOODED FLEECE,5200,,25.85,38.775
3,5101,Supply Hood (5XL),80% Cotton  20% Polyester,290 GSM,,,Regular Fit - 290 GSM,12,23.5,48.77,43.89,39.02,36.58,MEN'S HOODED FLEECE,5200,,25.85,38.775
3,5102,Stencil Hood,80% Cotton  20% Polyester,350 GSM,,,Regular Fit - 350 GSM,12,29.5,61.23,55.11,48.98,45.92,MEN'S HOODED FLEECE,5200,,32.45,48.675
3,5102,Stencil Hood (4XL),80% Cotton  20% Polyester,350 GSM,,,Regular Fit - 350 GSM,12,32.5,67.45,60.71,53.96,50.59,MEN'S HOODED FLEECE,5200,,35.75,53.625
3,5102,Stencil Hood (5XL),80% Cotton  20% Polyester,350 GSM,,,Regular Fit - 350 GSM,12,32.5,67.45,60.71,53.96,50.59,MEN'S HOODED FLEECE,5200,,35.75,53.625
3,5102C,Stencil Camo Hood,80% Cotton  20% Polyester,350 GSM,,,Regular Fit - 350 GSM,12,30.5,63.3,56.97,50.64,47.47,MEN'S HOODED FLEECE,5200,,33.55,50.325
3,5102F,Stencil Safety Hood,65% Recycled Polyester  35% Cotton Anti-Pill Fleece,350 GSM,,,Regular Fit - 350 GSM,12,28.95,60.08,54.07,48.06,45.06,MEN'S HOODED FLEECE,5200,,31.845,47.7675
3,5102G,Organic Stencil Hood,100% Organic Cotton,350 GSM,,,Regular Fit - 350 GSM,12,31.5,65.38,58.84,52.3,49.04,MEN'S HOODED FLEECE,5200,,34.65,51.975
3,5103,Stencil Crew,80% Cotton 20% Polyester,290 GSM,,,Regular Fit - 350 GSM,12,25.95,53.86,48.47,43.09,40.39,MEN'S CREW FLEECE,5300,,28.545,42.8175
3,5104,Stencil Zip Hood,80% Cotton  20% Recycled Polyester Anti-Pill CVC Fleece,350 GSM,,,Regular Fit - 350 GSM,12,32.5,67.45,60.71,53.96,50.59,MEN'S ZIP FLEECE,5400,,35.75,53.625
3,5109,Supply Zip Hood,80% Cotton 20% Polyester,290 GSM,,,Regular Fit - 290 GSM,12,22.5,46.7,42.03,37.36,35.03,MEN'S ZIP FLEECE,5400,,24.75,37.125
3,5125,Stencil Half Zip Crew,80% Cotton  20% Recycled Polyester Anti-Pill Fleece,350 GSM,,,Regular Fit - 350 GSM,12,26.5,55.0,49.5,44.0,41.25,MEN'S ZIP FLEECE,5400,,29.15,43.725
3,5125,Stencil Half Zip Crew (4XL),80% Cotton  20% Recycled Polyester Anti-Pill Fleece,350 GSM,,,Regular Fit - 350 GSM,12,29.5,61.23,55.11,48.98,45.92,MEN'S ZIP FLEECE,5400,,32.45,48.675
3,5125,Stencil Half Zip Crew (5XL),80% Cotton  20% Recycled Polyester Anti-Pill Fleece,350 GSM,,,Regular Fit - 350 GSM,12,29.5,61.23,55.11,48.98,45.92,MEN'S ZIP FLEECE,5400,,32.45,48.675
3,5145,Heavy Crew,CVC Fleece  80% Cotton  20% Polyester,400 GSM,,,Oversized Fit - 400 GSM,12,29.5,61.23,55.11,48.98,45.92,MEN'S CREW FLEECE,5300,,32.45,48.675
3,5146,Heavy Hood,CVC Fleece  80% Cotton  20% Polyester,400 GSM,,,Oversized Fit - 400 GSM,10,31.5,65.38,58.84,52.3,49.04,MEN'S HOODED FLEECE,5200,,34.65,51.975
3,5148,Heavy Zip Hood,CVC Fleece  80% Cotton  20% Polyester,400 GSM,,,Relaxed Fit - 400 GSM,10,32.95,68.39,61.55,54.71,51.29,MEN'S ZIP FLEECE,5400,,36.245,54.3675
3,5150,Made Crew,100% Cotton French Terry,500 GSM,,,Relaxed Fit - 500 GSM,12,30.95,64.24,57.82,51.39,48.18,MEN'S CREW FLEECE,5300,,34.045,51.0675
3,5151,Made Hood,100% Cotton French Terry,500 GSM,,,Relaxed Fit - 500 GSM,10,34.95,72.54,65.29,58.03,54.4,MEN'S HOODED FLEECE,5200,,38.445,57.6675
3,5160,Relax Crew,80% Cotton  20% Recycled Polyester Anti-Pill Fleece,320 GSM,,,Relaxed Fit - 320 GSM,18,21.95,45.56,41.0,36.45,34.17,MEN'S CREW FLEECE,5300,,24.145,36.2175
3,5160,Relax Crew (4XL),80% Cotton  20% Recycled Polyester Anti-Pill Fleece,320 GSM,,,Relaxed Fit - 320 GSM,12,24.95,51.78,46.6,41.42,38.84,MEN'S CREW FLEECE,5300,,27.445,41.1675
3,5160,Relax Crew (5XL),80% Cotton  20% Recycled Polyester Anti-Pill Fleece,320 GSM,,,Relaxed Fit - 320 GSM,12,24.95,51.78,46.6,41.42,38.84,MEN'S CREW FLEECE,5300,,27.445,41.1675
3,5161,Relax Hood,80% Cotton  20% Recycled Polyester Anti-Pill Fleece,320 GSM,,,Relaxed Fit - 320 GSM,10,25.95,53.86,48.47,43.09,40.39,MEN'S HOODED FLEECE,5200,,28.545,42.8175
3,5161,Relax Hood (4XL),80% Cotton  20% Recycled Polyester Anti-Pill Fleece,320 GSM,,,Relaxed Fit - 320 GSM,10,28.95,60.08,54.07,48.06,45.06,MEN'S HOODED FLEECE,5200,,31.845,47.7675
3,5161,Relax Hood (5XL),80% Cotton  20% Recycled Polyester Anti-Pill Fleece,320 GSM,,,Relaxed Fit - 320 GSM,10,28.95,60.08,54.07,48.06,45.06,MEN'S HOODED FLEECE,5200,,31.845,47.7675
3,5162,Relax Zip Hood,80% Cotton  20% Recycled Polyester Anti-Pill Fleece,320 GSM,,,Relaxed Fit - 320 GSM,10,30.5,63.3,56.97,50.64,47.47,MEN'S ZIP FLEECE,5400,,33.55,50.325
3,5163,Relax Pocket Crew,80% Cotton  20% Recycled Polyester Anti-Pill Fleece,320 GSM,,,Relaxed Fit - 320 GSM,18,25.5,52.92,47.63,42.34,39.69,MEN'S CREW FLEECE,5300,,28.05,42.075
3,5164,Relax Half Zip Hood,80% Cotton  20% Recycled Polyester Anti-Pill Fleece,320 GSM,,,Relaxed Fit - 320 GSM,10,27.95,58.01,52.21,46.41,43.51,MEN'S ZIP FLEECE,5400,,30.745,46.1175
3,5165,Relax Faded Crew,80% Cotton  20% Recycled Polyester Anti-Pill Fleece,320 GSM,,,Relaxed Fit - 320 GSM,18,22.95,47.63,42.87,38.1,35.72,MEN'S CREW FLEECE,5300,,25.245,37.8675
3,5166,Relax Faded Hood,80% Cotton  20% Recycled Polyester Fleece,320 GSM,,,Relaxed Fit - 320 GSM,10,26.95,55.93,50.34,44.74,41.95,MEN'S HOODED FLEECE,5200,,29.645,44.4675
3,5167,Relax Faded Half Zip,80% Cotton  20% Recycled Polyester Fleece,320 GSM,,,Relaxed Fit - 320 GSM,12,27.95,58.01,52.21,46.41,43.51,MEN'S ZIP FLEECE,5400,,30.745,46.1175
3,5170,Relax Faded Zip Hood,80% Cotton  20% Recycled Polyester Fleece,320 GSM,,,Relaxed Fit - 320 GSM,10,30.95,64.24,57.82,51.39,48.18,MEN'S ZIP FLEECE,5400,,34.045,51.0675
3,5171,Box Hood,80% Cotton  20% Recycled Polyester Fleece,350 GSM,,,Relaxed fit - 350 GSM,12,29.5,61.23,55.11,48.98,45.92,MEN'S HOODED FLEECE,5200,,32.45,48.675
3,5172,Box Minus Hood [4cm],80% Cotton  20% Recycled Polyester Fleece,350 GSM,,,Relaxed fit - 350 GSM,12,28.95,60.08,54.07,48.06,45.06,MEN'S HOODED FLEECE,5200,,31.845,47.7675
3,5402,Chad Polo,100% Combed Cotton (Marles 15% Viscose),220 GSM,,,Small Side Splits - Heavy Weight,60,13.25,27.5,24.75,22.0,20.62,MEN'S POLO,5655,,14.575,21.8625
3,5402,Chad Polo (4XL),100% Combed Cotton (Marles 15% Viscose),220 GSM,,,Small Side Splits - Heavy Weight,42,15.5,32.17,28.95,25.74,24.13,MEN'S POLO,5655,,17.05,25.575
3,5402,Chad Polo (5XL),100% Combed Cotton (Marles 15% Viscose),220 GSM,,,Small Side Splits - Heavy Weight,42,15.5,32.17,28.95,25.74,24.13,MEN'S POLO,5655,,17.05,25.575
3,5404,Chad L/S Polo,100% Carded Cotton (Marles 15% Viscose),200 GSM,,,Cuffed Sleeves - Heavy Weight,42,13.75,28.54,25.69,22.83,21.4,MEN'S POLO,5655,,15.125,22.6875
3,5411,Pique Polo,100% Cotton (Marles 15% Viscose),240 GSM,,,Regular - Heavy Weight,48,12.75,26.46,23.81,21.17,19.84,MEN'S POLO,5655,,14.025,21.0375
3,5411,Pique Polo (4XL),100% Cotton (Marles 15% Viscose),240 GSM,,,Regular - Heavy Weight,36,14.75,30.61,27.55,24.49,22.96,MEN'S POLO,5655,,16.225,24.3375
3,5411,Pique Polo (5XL),100% Cotton (Marles 15% Viscose),240 GSM,,,Regular - Heavy Weight,36,14.75,30.61,27.55,24.49,22.96,MEN'S POLO,5655,,16.225,24.3375
3,5425,Active Work Polo,100% Recycled Polyester,185 GSM,,,Regular Fit - 185 GSM,60,18.75,38.92,35.03,31.14,29.19,MEN'S POLO,5655,,20.625,30.9375
3,5425,Active Work Polo (4XL),100% Recycled Polyester,185 GSM,,,Regular Fit - 185 GSM,54,20.75,43.07,38.76,34.46,32.3,MEN'S POLO,5655,,22.825,34.2375
3,5425,Active Work Polo (5XL),100% Recycled Polyester,185 GSM,,,Regular Fit - 185 GSM,54,20.75,43.07,38.76,34.46,32.3,MEN'S POLO,5655,,22.825,34.2375
3,5425F,Work Safety Polo,100% Recycled Polyester,185 GSM,,,Regular Fit - 185 GSM,60,18.75,38.92,35.03,31.14,29.19,MEN'S POLO,5655,,20.625,30.9375
3,5425F,Work Safety Polo (4XL),100% Recycled Polyester,185 GSM,,,Regular Fit - 185 GSM,48,20.75,43.07,38.76,34.46,32.3,MEN'S POLO,5655,,22.825,34.2375
3,5425F,Work Safety Polo (5XL),100% Recycled Polyester,185 GSM,,,Regular Fit - 185 GSM,48,20.75,43.07,38.76,34.46,32.3,MEN'S POLO,5655,,22.825,34.2375
3,5610,Staple Active Blend Tee,60% Recycled Polyester  40% Cotton,160 GSM,,,Regular Fit - 160 GSM,72,9.5,19.72,17.75,15.78,14.79,MEN'S T-SHIRTS,1000,,10.45,15.675
